sample_id,project,generator,seed,candidate_id,AT_final,AC_final,AE_mean,AE_mixminmax_w5,diferenca_media_menos_mixminmax,rank_mean_in_project,rank_mixminmax_in_project,top5_mean,top5_mixminmax
P1|GA_before|seed=01,P1,GA_before,1,P1-T001,0.597410759175,0.655555555556,0.626483157366,0.607101558572,0.0193815987934,5.5,14.5,True,False
P1|GA_before|seed=02,P1,GA_before,2,P1-T002,0.596907993967,0.644444444444,0.620676219206,0.604830735713,0.0158454834925,14,25,False,False
P1|GA_before|seed=03,P1,GA_before,3,P1-T003,0.607591754651,0.65,0.628795877325,0.614659795542,0.0141360817831,3,7,True,False
P1|GA_before|seed=04,P1,GA_before,4,P1-T004,0.607591754651,0.652777777778,0.630184766214,0.615122758505,0.0150620077091,1.5,5.5,True,True
P1|GA_before|seed=05,P1,GA_before,5,P1-T005,0.597913524384,0.619444444444,0.608678984414,0.601502011061,0.00717697335344,37,30,False,False
P1|GA_before|seed=06,P1,GA_before,6,P1-T006,0.527059541765,0.613888888889,0.570474215327,0.541531099619,0.0289431157078,60,60,False,False
P1|GA_before|seed=07,P1,GA_before,7,P1-T007,0.580002513826,0.611111111111,0.595556812469,0.58518728004,0.0103695324284,52,48,False,False
P1|GA_before|seed=08,P1,GA_before,8,P1-T008,0.608597285068,0.619444444444,0.614020864756,0.610405144964,0.00361571979219,26,11,False,False
P1|GA_before|seed=09,P1,GA_before,9,P1-T009,0.604386626445,0.583333333333,0.593859979889,0.586842215519,0.00701776437071,55,46,False,False
P1|GA_before|seed=10,P1,GA_before,10,P1-T010,0.597410759175,0.630555555556,0.613983157366,0.602934891905,0.01104826546,27,27,False,False
P1|GA_before|seed=11,P1,GA_before,11,P1-T011,0.608597285068,0.630555555556,0.619576420312,0.612256996816,0.00731942349589,16,8,False,False
P1|GA_before|seed=12,P1,GA_before,12,P1-T012,0.598919054801,0.636111111111,0.617515082956,0.605117730853,0.0123973521032,19,22,False,False
P1|GA_before|seed=13,P1,GA_before,13,P1-T013,0.54245672628,0.65,0.59622836314,0.560380605234,0.0358477579066,50.5,57.5,False,False
P1|GA_before|seed=14,P1,GA_before,14,P1-T014,0.586224233283,0.611111111111,0.598667672197,0.590372046254,0.00829562594268,48,43,False,False
P1|GA_before|seed=15,P1,GA_before,15,P1-T015,0.594896933132,0.608333333333,0.601615133233,0.597136333166,0.00447880006704,46,37,False,False
P1|GA_before|seed=16,P1,GA_before,16,P1-T004,0.607591754651,0.652777777778,0.630184766214,0.615122758505,0.0150620077091,1.5,5.5,True,False
P1|GA_before|seed=17,P1,GA_before,17,P1-T016,0.578996983409,0.594444444444,0.586720713927,0.581571560248,0.00514915367857,59,53,False,False
P1|GA_before|seed=18,P1,GA_before,18,P1-T017,0.530767435179,0.65,0.59038371759,0.550639529316,0.0397441882736,58,59,False,False
P1|GA_before|seed=19,P1,GA_before,19,P1-T013,0.54245672628,0.65,0.59622836314,0.560380605234,0.0358477579066,50.5,57.5,False,False
P1|GA_before|seed=20,P1,GA_before,20,P1-T018,0.596907993967,0.65,0.623453996983,0.605756661639,0.0176973353444,10.5,16.5,False,False
P1|GA_before|seed=21,P1,GA_before,21,P1-T019,0.596907993967,0.647222222222,0.622065108095,0.605293698676,0.0167714094185,12,19,False,False
P1|GA_before|seed=22,P1,GA_before,22,P1-T020,0.597410759175,0.616666666667,0.607038712921,0.600620077091,0.0064186358304,39,32,False,False
P1|GA_before|seed=23,P1,GA_before,23,P1-T021,0.576797385621,0.613888888889,0.595343137255,0.582979302832,0.0123638344227,53,51,False,False
P1|GA_before|seed=24,P1,GA_before,24,P1-T022,0.596907993967,0.65,0.623453996983,0.605756661639,0.0176973353444,10.5,16.5,False,False
P1|GA_before|seed=25,P1,GA_before,25,P1-T001,0.597410759175,0.655555555556,0.626483157366,0.607101558572,0.0193815987934,5.5,14.5,False,False
P1|GA_before|seed=26,P1,GA_before,26,P1-T023,0.597913524384,0.644444444444,0.621178984414,0.605668677728,0.0155103066868,13,18,False,False
P1|GA_before|seed=27,P1,GA_before,27,P1-T024,0.607088989442,0.583333333333,0.595211161388,0.587292609351,0.0079185520362,54,44,False,False
P1|GA_before|seed=28,P1,GA_before,28,P1-T025,0.559640522876,0.658333333333,0.608986928105,0.576089324619,0.0328976034858,36,55,False,False
P1|GA_before|seed=29,P1,GA_before,29,P1-T026,0.564443726208,0.622222222222,0.593332974215,0.574073475544,0.0192594986713,56,56,False,False
P1|GA_before|seed=30,P1,GA_before,30,P1-T027,0.598416289593,0.583333333333,0.590874811463,0.585847159377,0.00502765208648,57,47,False,False
P1|GA_corrected|seed=01,P1,GA_corrected,1,P1-T028,0.630970336853,0.594444444444,0.612707390649,0.600532093179,0.0121752974694,30,33,False,False
P1|GA_corrected|seed=02,P1,GA_corrected,2,P1-T029,0.629964806435,0.586111111111,0.608037958773,0.593420060332,0.0146178984414,38,42,False,False
P1|GA_corrected|seed=03,P1,GA_corrected,3,P1-T030,0.63197586727,0.602777777778,0.617376822524,0.607644126026,0.0097326964974,20,13,False,False
P1|GA_corrected|seed=04,P1,GA_corrected,4,P1-T031,0.618275515334,0.636111111111,0.627193313223,0.62124811463,0.00594519859226,4,3,True,True
P1|GA_corrected|seed=05,P1,GA_corrected,5,P1-T032,0.619281045752,0.633333333333,0.626307189542,0.621623093682,0.00468409586057,7.5,1.5,False,True
P1|GA_corrected|seed=06,P1,GA_corrected,6,P1-T033,0.611362493715,0.6,0.605681246858,0.601893748953,0.00378749790514,40,29,False,False
P1|GA_corrected|seed=07,P1,GA_corrected,7,P1-T034,0.632981397687,0.577777777778,0.605379587733,0.586978381096,0.0184012066365,41,45,False,False
P1|GA_corrected|seed=08,P1,GA_corrected,8,P1-T035,0.620286576169,0.572222222222,0.596254399196,0.58023294788,0.0160214513156,49,54,False,False
P1|GA_corrected|seed=09,P1,GA_corrected,9,P1-T036,0.632981397687,0.575,0.603990698844,0.584663566281,0.0193271325624,44,50,False,False
P1|GA_corrected|seed=10,P1,GA_corrected,10,P1-T037,0.63197586727,0.594444444444,0.613210155857,0.600699681582,0.0125104742752,29,31,False,False
P1|GA_corrected|seed=11,P1,GA_corrected,11,P1-T038,0.631473102061,0.591666666667,0.611569884364,0.598301072566,0.0132688117982,31,34,False,False
P1|GA_corrected|seed=12,P1,GA_corrected,12,P1-T039,0.630467571644,0.6,0.615233785822,0.605077928607,0.0101558572147,23.5,23.5,False,False
P1|GA_corrected|seed=13,P1,GA_corrected,13,P1-T040,0.627262443439,0.6,0.613631221719,0.604543740573,0.0090874811463,28,26,False,False
P1|GA_corrected|seed=14,P1,GA_corrected,14,P1-T041,0.630970336853,0.6,0.615485168426,0.605161722809,0.0103234456176,22,21,False,False
P1|GA_corrected|seed=15,P1,GA_corrected,15,P1-T042,0.634992458522,0.575,0.604996229261,0.584998743087,0.019997486174,42,49,False,False
P1|GA_corrected|seed=16,P1,GA_corrected,16,P1-T043,0.630970336853,0.588888888889,0.609929612871,0.59590246355,0.0140271493213,33.5,38.5,False,False
P1|GA_corrected|seed=17,P1,GA_corrected,17,P1-T044,0.630467571644,0.608333333333,0.619400452489,0.612022373052,0.0073780794369,17,10,False,False
P1|GA_corrected|seed=18,P1,GA_corrected,18,P1-T045,0.63197586727,0.586111111111,0.609043489191,0.593755237138,0.015288252053,35,41,False,False
P1|GA_corrected|seed=19,P1,GA_corrected,19,P1-T046,0.630970336853,0.597222222222,0.614096279537,0.602846907994,0.0112493715435,25,28,False,False
P1|GA_corrected|seed=20,P1,GA_corrected,20,P1-T047,0.618275515334,0.588888888889,0.603582202112,0.593786659963,0.00979554214848,45,40,False,False
P1|GA_corrected|seed=21,P1,GA_corrected,21,P1-T039,0.630467571644,0.6,0.615233785822,0.605077928607,0.0101558572147,23.5,23.5,False,False
P1|GA_corrected|seed=22,P1,GA_corrected,22,P1-T048,0.613562091503,0.594444444444,0.604003267974,0.597630718954,0.00637254901961,43,36,False,False
P1|GA_corrected|seed=23,P1,GA_corrected,23,P1-T049,0.630970336853,0.588888888889,0.609929612871,0.59590246355,0.0140271493213,33.5,38.5,False,False
P1|GA_corrected|seed=24,P1,GA_corrected,24,P1-T050,0.618275515334,0.630555555556,0.624415535445,0.620322188705,0.00409334674041,9,4,False,True
P1|GA_corrected|seed=25,P1,GA_corrected,25,P1-T051,0.629964806435,0.605555555556,0.617760180995,0.609623764036,0.00813641695995,18,12,False,False
P1|GA_corrected|seed=26,P1,GA_corrected,26,P1-T052,0.631473102061,0.608333333333,0.619903217697,0.612189961455,0.00771325624267,15,9,False,False
P1|GA_corrected|seed=27,P1,GA_corrected,27,P1-T053,0.629964806435,0.591666666667,0.610815736551,0.598049689961,0.0127660465896,32,35,False,False
P1|GA_corrected|seed=28,P1,GA_corrected,28,P1-T032,0.619281045752,0.633333333333,0.626307189542,0.621623093682,0.00468409586057,7.5,1.5,False,True
P1|GA_corrected|seed=29,P1,GA_corrected,29,P1-T054,0.631473102061,0.6,0.615736551031,0.60524551701,0.0104910340204,21,20,False,False
P1|GA_corrected|seed=30,P1,GA_corrected,30,P1-T055,0.630970336853,0.572222222222,0.601596279537,0.582013574661,0.0195827048768,47,52,False,False
P2|GA_before|seed=01,P2,GA_before,1,P2-T001,0.367790897046,0.560714285714,0.46425259138,0.399944795158,0.0643077962227,46,41,False,False
P2|GA_before|seed=02,P2,GA_before,2,P2-T002,0.317508378147,0.55,0.433754189073,0.356256981789,0.0774972072844,53.5,53.5,False,False
P2|GA_before|seed=03,P2,GA_before,3,P2-T003,0.332427324449,0.55,0.441213662224,0.368689437041,0.0725242251838,51,51,False,False
P2|GA_before|seed=04,P2,GA_before,4,P2-T004,0.351833450238,0.582142857143,0.46698815369,0.390218351389,0.0767698023017,43,47,False,False
P2|GA_before|seed=05,P2,GA_before,5,P2-T005,0.317508378147,0.542857142857,0.430182760502,0.355066505598,0.0751162549035,56,56,False,False
P2|GA_before|seed=06,P2,GA_before,6,P2-T006,0.348014574078,0.542857142857,0.445435858468,0.380488335542,0.0649475229262,50,48,False,False
P2|GA_before|seed=07,P2,GA_before,7,P2-T007,0.316294521082,0.553571428571,0.434932974827,0.35584067233,0.0790923024966,52,55,False,False
P2|GA_before|seed=08,P2,GA_before,8,P2-T008,0.335453199283,0.596428571429,0.465940885356,0.378949094641,0.0869917907152,45,49,False,False
P2|GA_before|seed=09,P2,GA_before,9,P2-T009,0.381484945315,0.65,0.515742472657,0.426237454429,0.0895050182284,2,32,True,False
P2|GA_before|seed=10,P2,GA_before,10,P2-T010,0.36294910763,0.55,0.456474553815,0.394124256358,0.0623502974567,48,44,False,False
P2|GA_before|seed=11,P2,GA_before,11,P2-T002,0.317508378147,0.55,0.433754189073,0.356256981789,0.0774972072844,53.5,53.5,False,False
P2|GA_before|seed=12,P2,GA_before,12,P2-T011,0.380939391578,0.653571428571,0.517255410075,0.42637806441,0.0908773456646,1,31,True,False
P2|GA_before|seed=13,P2,GA_before,13,P2-T012,0.386174109578,0.596428571429,0.491301340503,0.421216519887,0.0700848206167,32,34,False,False
P2|GA_before|seed=14,P2,GA_before,14,P2-T013,0.3605213935,0.589285714286,0.474903553893,0.398648780298,0.0762547735952,40,42,False,False
P2|GA_before|seed=15,P2,GA_before,15,P2-T014,0.369671109033,0.592857142857,0.481264125945,0.406868781337,0.0743953446081,39,39,False,False
P2|GA_before|seed=16,P2,GA_before,16,P2-T015,0.362624373263,0.642857142857,0.50274075806,0.409329834862,0.0934109231982,23,38,False,False
P2|GA_before|seed=17,P2,GA_before,17,P2-T016,0.35558413218,0.578571428571,0.467077780376,0.392748681578,0.0743290987972,42,45,False,False
P2|GA_before|seed=18,P2,GA_before,18,P2-T017,0.271724729172,0.535714285714,0.403719507443,0.315722988595,0.0879965188476,59,59,False,False
P2|GA_before|seed=19,P2,GA_before,19,P2-T018,0.371335047931,0.557142857143,0.464238952537,0.402303016133,0.061935936404,47,40,False,False
P2|GA_before|seed=20,P2,GA_before,20,P2-T019,0.366550411763,0.660714285714,0.513632348739,0.415577724088,0.0980546246504,7,36,False,False
P2|GA_before|seed=21,P2,GA_before,21,P2-T020,0.317508378147,0.532142857143,0.424825617645,0.353280791313,0.0715448263321,57,57,False,False
P2|GA_before|seed=22,P2,GA_before,22,P2-T021,0.270729093601,0.496428571429,0.383578832515,0.308345673239,0.0752331592757,60,60,False,False
P2|GA_before|seed=23,P2,GA_before,23,P2-T022,0.355134050347,0.578571428571,0.466852739459,0.392373613384,0.0744791260749,44,46,False,False
P2|GA_before|seed=24,P2,GA_before,24,P2-T023,0.37270088068,0.592857142857,0.482779011768,0.409393591043,0.0733854207258,38,37,False,False
P2|GA_before|seed=25,P2,GA_before,25,P2-T024,0.287380173018,0.546428571429,0.416904372224,0.330554906087,0.0863494661367,58,58,False,False
P2|GA_before|seed=26,P2,GA_before,26,P2-T025,0.33406398566,0.557142857143,0.445603421401,0.371243797574,0.0743596238277,49,50,False,False
P2|GA_before|seed=27,P2,GA_before,27,P2-T026,0.319690593095,0.546428571429,0.433059582262,0.35748025615,0.0755793261112,55,52,False,False
P2|GA_before|seed=28,P2,GA_before,28,P2-T027,0.361066947237,0.575,0.468033473619,0.396722456031,0.0713110175876,41,43,False,False
P2|GA_before|seed=29,P2,GA_before,29,P2-T028,0.382900787156,0.585714285714,0.484307536435,0.416703036916,0.0676044995194,37,35,False,False
P2|GA_before|seed=30,P2,GA_before,30,P2-T029,0.381733042371,0.625,0.503366521186,0.422277535309,0.0810889858762,22,33,False,False
P2|GA_corrected|seed=01,P2,GA_corrected,1,P2-T030,0.453355155483,0.553571428571,0.503463292027,0.470057867664,0.0334054243629,21,14,False,False
P2|GA_corrected|seed=02,P2,GA_corrected,2,P2-T031,0.443126022913,0.567857142857,0.505491582885,0.463914542904,0.0415770399813,16,26,False,False
P2|GA_corrected|seed=03,P2,GA_corrected,3,P2-T032,0.453355155483,0.532142857143,0.492749006313,0.466486439093,0.02626256722,31,21,False,False
P2|GA_corrected|seed=04,P2,GA_corrected,4,P2-T033,0.446331151118,0.542857142857,0.494594146988,0.462418816408,0.0321753305796,30,28,False,False
P2|GA_corrected|seed=05,P2,GA_corrected,5,P2-T034,0.452264048009,0.578571428571,0.51541773829,0.473315278103,0.0421024601876,3.5,1.5,True,True
P2|GA_corrected|seed=06,P2,GA_corrected,6,P2-T035,0.451718494272,0.578571428571,0.515144961422,0.472860649988,0.0422843114332,5,3,True,True
P2|GA_corrected|seed=07,P2,GA_corrected,7,P2-T036,0.451172940535,0.578571428571,0.514872184553,0.472406021874,0.0424661626789,6,4,False,True
P2|GA_corrected|seed=08,P2,GA_corrected,8,P2-T034,0.452264048009,0.578571428571,0.51541773829,0.473315278103,0.0421024601876,3.5,1.5,True,True
P2|GA_corrected|seed=09,P2,GA_corrected,9,P2-T037,0.452264048009,0.567857142857,0.510060595433,0.471529563817,0.0385310316161,12,8,False,False
P2|GA_corrected|seed=10,P2,GA_corrected,10,P2-T038,0.454446262957,0.525,0.489723131478,0.466205219131,0.0235179123477,35,23,False,False
P2|GA_corrected|seed=11,P2,GA_corrected,11,P2-T039,0.455537370431,0.535714285714,0.495625828073,0.468900189645,0.0267256384278,29,17,False,False
P2|GA_corrected|seed=12,P2,GA_corrected,12,P2-T040,0.453355155483,0.560714285714,0.507034720599,0.471248343855,0.0357863767438,14.5,9.5,False,False
P2|GA_corrected|seed=13,P2,GA_corrected,13,P2-T041,0.453355155483,0.528571428571,0.490963292027,0.465891200998,0.0250720910295,33,24,False,False
P2|GA_corrected|seed=14,P2,GA_corrected,14,P2-T042,0.455537370431,0.553571428571,0.504554399501,0.471876380121,0.0326780193801,17,7,False,False
P2|GA_corrected|seed=15,P2,GA_corrected,15,P2-T043,0.453355155483,0.560714285714,0.507034720599,0.471248343855,0.0357863767438,14.5,9.5,False,False
P2|GA_corrected|seed=16,P2,GA_corrected,16,P2-T044,0.455537370431,0.542857142857,0.499197256644,0.470090665835,0.0291065908087,25.5,12.5,False,False
P2|GA_corrected|seed=17,P2,GA_corrected,17,P2-T045,0.451718494272,0.575,0.513359247136,0.472265411893,0.0410938352428,8,5,False,True
P2|GA_corrected|seed=18,P2,GA_corrected,18,P2-T046,0.455537370431,0.542857142857,0.499197256644,0.470090665835,0.0291065908087,25.5,12.5,False,False
P2|GA_corrected|seed=19,P2,GA_corrected,19,P2-T047,0.443126022913,0.564285714286,0.503705868599,0.463319304809,0.0403865637908,20,27,False,False
P2|GA_corrected|seed=20,P2,GA_corrected,20,P2-T048,0.45390070922,0.553571428571,0.503736068896,0.470512495778,0.0332235731172,19,11,False,False
P2|GA_corrected|seed=21,P2,GA_corrected,21,P2-T049,0.443126022913,0.557142857143,0.500134440028,0.462128828618,0.0380056114099,24,29,False,False
P2|GA_corrected|seed=22,P2,GA_corrected,22,P2-T050,0.45390070922,0.539285714286,0.496593211753,0.468131543398,0.0284616683553,28,18,False,False
P2|GA_corrected|seed=23,P2,GA_corrected,23,P2-T051,0.448513366067,0.528571428571,0.488542397319,0.461856376484,0.026686020835,36,30,False,False
P2|GA_corrected|seed=24,P2,GA_corrected,24,P2-T052,0.445785597381,0.575,0.510392798691,0.467321331151,0.0430714675396,9.5,19.5,False,False
P2|GA_corrected|seed=25,P2,GA_corrected,25,P2-T053,0.445240043644,0.571428571429,0.508334307536,0.466271464942,0.0420628425948,13,22,False,False
P2|GA_corrected|seed=26,P2,GA_corrected,26,P2-T054,0.452809601746,0.567857142857,0.510333372301,0.471984191931,0.0383491803705,11,6,False,False
P2|GA_corrected|seed=27,P2,GA_corrected,27,P2-T055,0.452264048009,0.528571428571,0.49041773829,0.464981944769,0.0254357935209,34,25,False,False
P2|GA_corrected|seed=28,P2,GA_corrected,28,P2-T056,0.455537370431,0.539285714286,0.497411542358,0.46949542774,0.0279161146182,27,15,False,False
P2|GA_corrected|seed=29,P2,GA_corrected,29,P2-T057,0.451718494272,0.557142857143,0.504430675707,0.469289221417,0.0351414542904,18,16,False,False
P2|GA_corrected|seed=30,P2,GA_corrected,30,P2-T058,0.445785597381,0.575,0.510392798691,0.467321331151,0.0430714675396,9.5,19.5,False,False
P3|GA_before|seed=01,P3,GA_before,1,P3-T001,0.693528693529,0.68,0.686764346764,0.682254782255,0.00450956450956,5,5,True,True
P3|GA_before|seed=02,P3,GA_before,2,P3-T002,0.656695156695,0.67,0.663347578348,0.658912630579,0.00443494776828,36.5,22.5,False,False
P3|GA_before|seed=03,P3,GA_before,3,P3-T003,0.625966625967,0.68,0.652983312983,0.634972188306,0.0180111246778,48,48,False,False
P3|GA_before|seed=04,P3,GA_before,4,P3-T004,0.668701668702,0.68,0.674350834351,0.670584723918,0.00376611043278,16,10,False,False
P3|GA_before|seed=05,P3,GA_before,5,P3-T002,0.656695156695,0.67,0.663347578348,0.658912630579,0.00443494776828,36.5,22.5,False,False
P3|GA_before|seed=06,P3,GA_before,6,P3-T005,0.647944647945,0.68,0.663972323972,0.653287206621,0.0106851173518,30.5,35.5,False,False
P3|GA_before|seed=07,P3,GA_before,7,P3-T006,0.651404151404,0.69,0.670702075702,0.657836792837,0.0128652828653,22.5,27.5,False,False
P3|GA_before|seed=08,P3,GA_before,8,P3-T002,0.656695156695,0.67,0.663347578348,0.658912630579,0.00443494776828,36.5,22.5,False,False
P3|GA_before|seed=09,P3,GA_before,9,P3-T007,0.615079365079,0.69,0.65253968254,0.627566137566,0.0249735449735,49.5,51.5,False,False
P3|GA_before|seed=10,P3,GA_before,10,P3-T001,0.693528693529,0.68,0.686764346764,0.682254782255,0.00450956450956,5,5,True,True
P3|GA_before|seed=11,P3,GA_before,11,P3-T008,0.647334147334,0.69,0.668667073667,0.654445122778,0.0142219508886,26,33,False,False
P3|GA_before|seed=12,P3,GA_before,12,P3-T009,0.630647130647,0.66,0.645323565324,0.635539275539,0.00978428978429,53,47,False,False
P3|GA_before|seed=13,P3,GA_before,13,P3-T010,0.623117623118,0.69,0.656558811559,0.634264685931,0.0222941256275,46,49,False,False
P3|GA_before|seed=14,P3,GA_before,14,P3-T006,0.651404151404,0.69,0.670702075702,0.657836792837,0.0128652828653,22.5,27.5,False,False
P3|GA_before|seed=15,P3,GA_before,15,P3-T006,0.651404151404,0.69,0.670702075702,0.657836792837,0.0128652828653,22.5,27.5,False,False
P3|GA_before|seed=16,P3,GA_before,16,P3-T011,0.647944647945,0.68,0.663972323972,0.653287206621,0.0106851173518,30.5,35.5,False,False
P3|GA_before|seed=17,P3,GA_before,17,P3-T007,0.615079365079,0.69,0.65253968254,0.627566137566,0.0249735449735,49.5,51.5,False,False
P3|GA_before|seed=18,P3,GA_before,18,P3-T012,0.655474155474,0.67,0.662737077737,0.657895129562,0.00484194817528,39,25,False,False
P3|GA_before|seed=19,P3,GA_before,19,P3-T013,0.633496133496,0.67,0.651748066748,0.639580111247,0.0121679555013,52,46,False,False
P3|GA_before|seed=20,P3,GA_before,20,P3-T014,0.595441595442,0.65,0.622720797721,0.604534662868,0.0181861348528,59,58,False,False
P3|GA_before|seed=21,P3,GA_before,21,P3-T005,0.647944647945,0.68,0.663972323972,0.653287206621,0.0106851173518,30.5,35.5,False,False
P3|GA_before|seed=22,P3,GA_before,22,P3-T006,0.651404151404,0.69,0.670702075702,0.657836792837,0.0128652828653,22.5,27.5,False,False
P3|GA_before|seed=23,P3,GA_before,23,P3-T005,0.647944647945,0.68,0.663972323972,0.653287206621,0.0106851173518,30.5,35.5,False,False
P3|GA_before|seed=24,P3,GA_before,24,P3-T001,0.693528693529,0.68,0.686764346764,0.682254782255,0.00450956450956,5,5,True,True
P3|GA_before|seed=25,P3,GA_before,25,P3-T015,0.649572649573,0.67,0.659786324786,0.652977207977,0.00680911680912,44,38,False,False
P3|GA_before|seed=26,P3,GA_before,26,P3-T016,0.693528693529,0.66,0.676764346764,0.665588115588,0.0111762311762,13.5,18.5,False,False
P3|GA_before|seed=27,P3,GA_before,27,P3-T001,0.693528693529,0.68,0.686764346764,0.682254782255,0.00450956450956,5,5,True,True
P3|GA_before|seed=28,P3,GA_before,28,P3-T017,0.654863654864,0.67,0.662431827432,0.657386379053,0.00504544837878,40,30,False,False
P3|GA_before|seed=29,P3,GA_before,29,P3-T002,0.656695156695,0.67,0.663347578348,0.658912630579,0.00443494776828,36.5,22.5,False,False
P3|GA_before|seed=30,P3,GA_before,30,P3-T018,0.567765567766,0.61,0.588882783883,0.574804639805,0.0140781440781,60,60,False,False
P3|GA_corrected|seed=01,P3,GA_corrected,1,P3-T019,0.69474969475,0.61,0.652374847375,0.624124949125,0.0282498982499,51,53,False,False
P3|GA_corrected|seed=02,P3,GA_corrected,2,P3-T020,0.697598697599,0.63,0.663799348799,0.6412664496,0.0225328991996,33,42,False,False
P3|GA_corrected|seed=03,P3,GA_corrected,3,P3-T021,0.692511192511,0.63,0.661255596256,0.640418532085,0.0208370641704,42,44,False,False
P3|GA_corrected|seed=04,P3,GA_corrected,4,P3-T022,0.666463166463,0.68,0.673231583232,0.668719305386,0.00451227784561,17.5,11.5,False,False
P3|GA_corrected|seed=05,P3,GA_corrected,5,P3-T023,0.677452177452,0.61,0.643726088726,0.621242029575,0.0224840591507,54,54,False,False
P3|GA_corrected|seed=06,P3,GA_corrected,6,P3-T024,0.674603174603,0.59,0.632301587302,0.604100529101,0.0282010582011,58,59,False,False
P3|GA_corrected|seed=07,P3,GA_corrected,7,P3-T025,0.664021164021,0.68,0.672010582011,0.666684303351,0.00532627865961,19,13,False,False
P3|GA_corrected|seed=08,P3,GA_corrected,8,P3-T026,0.676841676842,0.65,0.663420838421,0.654473612807,0.00894722561389,34,32,False,False
P3|GA_corrected|seed=09,P3,GA_corrected,9,P3-T021,0.692511192511,0.63,0.661255596256,0.640418532085,0.0208370641704,42,44,False,False
P3|GA_corrected|seed=10,P3,GA_corrected,10,P3-T027,0.69536019536,0.66,0.67768009768,0.665893365893,0.0117867317867,11,16,False,False
P3|GA_corrected|seed=11,P3,GA_corrected,11,P3-T028,0.69067969068,0.66,0.67533984534,0.66511328178,0.0102265635599,15,20,False,False
P3|GA_corrected|seed=12,P3,GA_corrected,12,P3-T001,0.693528693529,0.68,0.686764346764,0.682254782255,0.00450956450956,5,5,True,True
P3|GA_corrected|seed=13,P3,GA_corrected,13,P3-T029,0.687830687831,0.59,0.638915343915,0.606305114638,0.0326102292769,57,57,False,False
P3|GA_corrected|seed=14,P3,GA_corrected,14,P3-T001,0.693528693529,0.68,0.686764346764,0.682254782255,0.00450956450956,5,5,False,False
P3|GA_corrected|seed=15,P3,GA_corrected,15,P3-T030,0.692918192918,0.65,0.671459096459,0.657153032153,0.0143060643061,20,31,False,False
P3|GA_corrected|seed=16,P3,GA_corrected,16,P3-T031,0.672771672772,0.61,0.641385836386,0.620461945462,0.0209238909239,55,55,False,False
P3|GA_corrected|seed=17,P3,GA_corrected,17,P3-T027,0.69536019536,0.66,0.67768009768,0.665893365893,0.0117867317867,11,16,False,False
P3|GA_corrected|seed=18,P3,GA_corrected,18,P3-T001,0.693528693529,0.68,0.686764346764,0.682254782255,0.00450956450956,5,5,False,False
P3|GA_corrected|seed=19,P3,GA_corrected,19,P3-T032,0.69067969068,0.62,0.65533984534,0.631779948447,0.0235598968932,47,50,False,False
P3|GA_corrected|seed=20,P3,GA_corrected,20,P3-T033,0.69536019536,0.64,0.66768009768,0.649226699227,0.0184533984534,28,40,False,False
P3|GA_corrected|seed=21,P3,GA_corrected,21,P3-T001,0.693528693529,0.68,0.686764346764,0.682254782255,0.00450956450956,5,5,False,False
P3|GA_corrected|seed=22,P3,GA_corrected,22,P3-T034,0.665852665853,0.67,0.667926332926,0.666543888211,0.00138244471578,27,14,False,False
P3|GA_corrected|seed=23,P3,GA_corrected,23,P3-T016,0.693528693529,0.66,0.676764346764,0.665588115588,0.0111762311762,13.5,18.5,False,False
P3|GA_corrected|seed=24,P3,GA_corrected,24,P3-T035,0.692307692308,0.59,0.641153846154,0.607051282051,0.0341025641026,56,56,False,False
P3|GA_corrected|seed=25,P3,GA_corrected,25,P3-T021,0.692511192511,0.63,0.661255596256,0.640418532085,0.0208370641704,42,44,False,False
P3|GA_corrected|seed=26,P3,GA_corrected,26,P3-T036,0.69943019943,0.64,0.669715099715,0.649905033238,0.0198100664767,25,39,False,False
P3|GA_corrected|seed=27,P3,GA_corrected,27,P3-T001,0.693528693529,0.68,0.686764346764,0.682254782255,0.00450956450956,5,5,False,False
P3|GA_corrected|seed=28,P3,GA_corrected,28,P3-T022,0.666463166463,0.68,0.673231583232,0.668719305386,0.00451227784561,17.5,11.5,False,False
P3|GA_corrected|seed=29,P3,GA_corrected,29,P3-T027,0.69536019536,0.66,0.67768009768,0.665893365893,0.0117867317867,11,16,False,False
P3|GA_corrected|seed=30,P3,GA_corrected,30,P3-T037,0.677248677249,0.64,0.658624338624,0.646208112875,0.0124162257496,45,41,False,False
P4|GA_before|seed=01,P4,GA_before,1,P4-T001,0.665157065157,0.65,0.657578532579,0.652526177526,0.00505235505236,6,5,False,True
P4|GA_before|seed=02,P4,GA_before,2,P4-T002,0.62923049173,0.658333333333,0.643781912532,0.634080965331,0.00970094720095,32.5,15.5,False,False
P4|GA_before|seed=03,P4,GA_before,3,P4-T003,0.631757131757,0.586111111111,0.608934121434,0.593718781219,0.0152153402153,60,60,False,False
P4|GA_before|seed=04,P4,GA_before,4,P4-T004,0.664756424131,0.655555555556,0.660155989843,0.657089033652,0.00306695619196,2,1,True,True
P4|GA_before|seed=05,P4,GA_before,5,P4-T005,0.643412143412,0.605555555556,0.624483849484,0.611864986865,0.0126188626189,49,46,False,False
P4|GA_before|seed=06,P4,GA_before,6,P4-T006,0.630694305694,0.6,0.615347152847,0.605115717616,0.0102314352314,58,52,False,False
P4|GA_before|seed=07,P4,GA_before,7,P4-T007,0.652153402153,0.613888888889,0.633021145521,0.620266307766,0.0127548377548,42,29,False,False
P4|GA_before|seed=08,P4,GA_before,8,P4-T002,0.62923049173,0.658333333333,0.643781912532,0.634080965331,0.00970094720095,32.5,15.5,False,False
P4|GA_before|seed=09,P4,GA_before,9,P4-T008,0.658987193362,0.65,0.654493596681,0.65149786556,0.00299573112073,12,6,False,False
P4|GA_before|seed=10,P4,GA_before,10,P4-T009,0.643412143412,0.605555555556,0.624483849484,0.611864986865,0.0126188626189,49,46,False,False
P4|GA_before|seed=11,P4,GA_before,11,P4-T010,0.66588966589,0.619444444444,0.642667055167,0.627185314685,0.0154817404817,37,22,False,False
P4|GA_before|seed=12,P4,GA_before,12,P4-T011,0.643412143412,0.605555555556,0.624483849484,0.611864986865,0.0126188626189,49,46,False,False
P4|GA_before|seed=13,P4,GA_before,13,P4-T012,0.637762584638,0.616666666667,0.627214625652,0.620182652995,0.00703197265697,47,30,False,False
P4|GA_before|seed=14,P4,GA_before,14,P4-T013,0.639765789766,0.608333333333,0.62404956155,0.613572076072,0.0104774854775,51,42,False,False
P4|GA_before|seed=15,P4,GA_before,15,P4-T014,0.67224476912,0.613888888889,0.643066829004,0.623614868927,0.019451960077,35,26,False,False
P4|GA_before|seed=16,P4,GA_before,16,P4-T015,0.631757131757,0.608333333333,0.620045232545,0.612237299737,0.00780793280793,55,44,False,False
P4|GA_before|seed=17,P4,GA_before,17,P4-T016,0.646931540682,0.591666666667,0.619299103674,0.600877479002,0.0184216246716,57,54,False,False
P4|GA_before|seed=18,P4,GA_before,18,P4-T017,0.643412143412,0.611111111111,0.627261627262,0.616494616495,0.010767010767,46,39,False,False
P4|GA_before|seed=19,P4,GA_before,19,P4-T018,0.663808413808,0.625,0.644404206904,0.631468068968,0.0129361379361,31,18,False,False
P4|GA_before|seed=20,P4,GA_before,20,P4-T019,0.653902694528,0.655555555556,0.654729125042,0.654178171366,0.000550953675954,10.5,2.5,False,True
P4|GA_before|seed=21,P4,GA_before,21,P4-T020,0.653502053502,0.636111111111,0.644806582307,0.63900960151,0.00579698079698,27,13,False,False
P4|GA_before|seed=22,P4,GA_before,22,P4-T021,0.641206016206,0.588888888889,0.615047452547,0.597608410108,0.017439042439,59,57,False,False
P4|GA_before|seed=23,P4,GA_before,23,P4-T022,0.641286144411,0.652777777778,0.647031961094,0.643201416639,0.00383054445554,24,12,False,False
P4|GA_before|seed=24,P4,GA_before,24,P4-T023,0.66588966589,0.65,0.657944832945,0.652648277648,0.00529655529656,5,4,True,True
P4|GA_before|seed=25,P4,GA_before,25,P4-T024,0.655223248973,0.588888888889,0.622056068931,0.59994461557,0.0221114533615,54,55,False,False
P4|GA_before|seed=26,P4,GA_before,26,P4-T025,0.663808413808,0.619444444444,0.641626429126,0.626838439338,0.014787989788,39,23,False,False
P4|GA_before|seed=27,P4,GA_before,27,P4-T026,0.631757131757,0.613888888889,0.622823010323,0.616866929367,0.00595608095608,52,38,False,False
P4|GA_before|seed=28,P4,GA_before,28,P4-T027,0.654234654235,0.65,0.652117327117,0.650705775706,0.00141155141155,17,7,False,False
P4|GA_before|seed=29,P4,GA_before,29,P4-T028,0.66588966589,0.647222222222,0.656555944056,0.650333462833,0.00622248122248,7,8,False,False
P4|GA_before|seed=30,P4,GA_before,30,P4-T019,0.653902694528,0.655555555556,0.654729125042,0.654178171366,0.000550953675954,10.5,2.5,False,True
P4|GA_corrected|seed=01,P4,GA_corrected,1,P4-T029,0.677544677545,0.608333333333,0.642939005439,0.619868557369,0.0230704480704,36,31,False,False
P4|GA_corrected|seed=02,P4,GA_corrected,2,P4-T030,0.6891996892,0.605555555556,0.647377622378,0.619496244496,0.0278813778814,22,33,False,False
P4|GA_corrected|seed=03,P4,GA_corrected,3,P4-T031,0.68726516539,0.619444444444,0.653354804917,0.630747897935,0.0226069069819,13,20,False,False
P4|GA_corrected|seed=04,P4,GA_corrected,4,P4-T032,0.676812076812,0.644444444444,0.660628260628,0.649839049839,0.0107892107892,1,9,True,False
P4|GA_corrected|seed=05,P4,GA_corrected,5,P4-T033,0.676010794761,0.583333333333,0.629672064047,0.598779576905,0.0308924871425,45,56,False,False
P4|GA_corrected|seed=06,P4,GA_corrected,6,P4-T034,0.677544677545,0.638888888889,0.658216783217,0.645331520332,0.0128852628853,3,11,True,False
P4|GA_corrected|seed=07,P4,GA_corrected,7,P4-T035,0.687118437118,0.591666666667,0.639392551893,0.607575295075,0.0318172568173,40,50,False,False
P4|GA_corrected|seed=08,P4,GA_corrected,8,P4-T036,0.700854700855,0.605555555556,0.653205128205,0.621438746439,0.0317663817664,14.5,27.5,False,False
P4|GA_corrected|seed=09,P4,GA_corrected,9,P4-T037,0.700854700855,0.605555555556,0.653205128205,0.621438746439,0.0317663817664,14.5,27.5,False,False
P4|GA_corrected|seed=10,P4,GA_corrected,10,P4-T038,0.6891996892,0.6,0.6445998446,0.614866614867,0.0297332297332,29.5,40.5,False,False
P4|GA_corrected|seed=11,P4,GA_corrected,11,P4-T039,0.677544677545,0.622222222222,0.649883449883,0.631442631443,0.0184408184408,20,19,False,False
P4|GA_corrected|seed=12,P4,GA_corrected,12,P4-T040,0.6891996892,0.605555555556,0.647377622378,0.619496244496,0.0278813778814,22,33,False,False
P4|GA_corrected|seed=13,P4,GA_corrected,13,P4-T041,0.675463425463,0.586111111111,0.630787268287,0.601003163503,0.0297841047841,44,53,False,False
P4|GA_corrected|seed=14,P4,GA_corrected,14,P4-T042,0.656022449772,0.583333333333,0.619677891553,0.595448186073,0.0242297054797,56,58,False,False
P4|GA_corrected|seed=15,P4,GA_corrected,15,P4-T043,0.664516039516,0.580555555556,0.622535797536,0.594548969549,0.0279868279868,53,59,False,False
P4|GA_corrected|seed=16,P4,GA_corrected,16,P4-T044,0.700854700855,0.602777777778,0.651816239316,0.619123931624,0.0326923076923,18,36,False,False
P4|GA_corrected|seed=17,P4,GA_corrected,17,P4-T045,0.6891996892,0.602777777778,0.645988733489,0.617181429681,0.0288073038073,26,37,False,False
P4|GA_corrected|seed=18,P4,GA_corrected,18,P4-T046,0.6891996892,0.611111111111,0.650155400155,0.624125874126,0.0260295260295,19,25,False,False
P4|GA_corrected|seed=19,P4,GA_corrected,19,P4-T047,0.6891996892,0.605555555556,0.647377622378,0.619496244496,0.0278813778814,22,33,False,False
P4|GA_corrected|seed=20,P4,GA_corrected,20,P4-T048,0.6891996892,0.6,0.6445998446,0.614866614867,0.0297332297332,29.5,40.5,False,False
P4|GA_corrected|seed=21,P4,GA_corrected,21,P4-T049,0.68726516539,0.605555555556,0.646410360473,0.619173823861,0.0272365366115,25,35,False,False
P4|GA_corrected|seed=22,P4,GA_corrected,22,P4-T050,0.6891996892,0.597222222222,0.643210955711,0.612551800052,0.0306591556592,34,43,False,False
P4|GA_corrected|seed=23,P4,GA_corrected,23,P4-T051,0.675463425463,0.613888888889,0.644676157176,0.624151311651,0.0205248455248,28,24,False,False
P4|GA_corrected|seed=24,P4,GA_corrected,24,P4-T052,0.671844128094,0.644444444444,0.658144286269,0.649011058386,0.00913322788323,4,10,True,False
P4|GA_corrected|seed=25,P4,GA_corrected,25,P4-T053,0.667677461427,0.594444444444,0.631060952936,0.606649947275,0.024411005661,43,51,False,False
P4|GA_corrected|seed=26,P4,GA_corrected,26,P4-T054,0.68726516539,0.622222222222,0.654743693806,0.63306271275,0.021680981056,9,17,False,False
P4|GA_corrected|seed=27,P4,GA_corrected,27,P4-T055,0.6891996892,0.616666666667,0.652933177933,0.628755503756,0.0241776741777,16,21,False,False
P4|GA_corrected|seed=28,P4,GA_corrected,28,P4-T056,0.68726516539,0.625,0.656132582695,0.635377527565,0.0207550551301,8,14,False,False
P4|GA_corrected|seed=29,P4,GA_corrected,29,P4-T057,0.6891996892,0.594444444444,0.641822066822,0.610236985237,0.0315850815851,38,48,False,False
P4|GA_corrected|seed=30,P4,GA_corrected,30,P4-T058,0.682297216672,0.594444444444,0.638370830558,0.609086573149,0.0292842574093,41,49,False,False
P5|GA_before|seed=01,P5,GA_before,1,P5-T001,0.572261072261,0.7,0.636130536131,0.593550893551,0.0425796425796,29,42,False,False
P5|GA_before|seed=02,P5,GA_before,2,P5-T002,0.562937062937,0.683333333333,0.623135198135,0.583003108003,0.0401320901321,42,49,False,False
P5|GA_before|seed=03,P5,GA_before,3,P5-T003,0.554312354312,0.7,0.627156177156,0.578593628594,0.0485625485625,35,52,False,False
P5|GA_before|seed=04,P5,GA_before,4,P5-T004,0.538461538462,0.666666666667,0.602564102564,0.559829059829,0.042735042735,55,57,False,False
P5|GA_before|seed=05,P5,GA_before,5,P5-T005,0.565268065268,0.683333333333,0.624300699301,0.584945609946,0.0393550893551,36,47,False,False
P5|GA_before|seed=06,P5,GA_before,6,P5-T006,0.576923076923,0.666666666667,0.621794871795,0.59188034188,0.0299145299145,47,44,False,False
P5|GA_before|seed=07,P5,GA_before,7,P5-T007,0.588578088578,0.683333333333,0.635955710956,0.604370629371,0.0315850815851,30.5,39.5,False,False
P5|GA_before|seed=08,P5,GA_before,8,P5-T008,0.538461538462,0.683333333333,0.610897435897,0.562606837607,0.0482905982906,53.5,54.5,False,False
P5|GA_before|seed=09,P5,GA_before,9,P5-T009,0.564102564103,0.683333333333,0.623717948718,0.583974358974,0.0397435897436,37,48,False,False
P5|GA_before|seed=10,P5,GA_before,10,P5-T010,0.614219114219,0.683333333333,0.648776223776,0.625738150738,0.0230380730381,12.5,17.5,False,False
P5|GA_before|seed=11,P5,GA_before,11,P5-T011,0.588578088578,0.683333333333,0.635955710956,0.604370629371,0.0315850815851,30.5,39.5,False,False
P5|GA_before|seed=12,P5,GA_before,12,P5-T012,0.561771561772,0.683333333333,0.622552447552,0.582031857032,0.0405205905206,45,51,False,False
P5|GA_before|seed=13,P5,GA_before,13,P5-T013,0.510556110556,0.683333333333,0.596944721945,0.539352314352,0.0575924075924,57,60,False,False
P5|GA_before|seed=14,P5,GA_before,14,P5-T014,0.511721611722,0.683333333333,0.597527472527,0.540323565324,0.0572039072039,56,59,False,False
P5|GA_before|seed=15,P5,GA_before,15,P5-T015,0.531468531469,0.616666666667,0.574067599068,0.545668220668,0.0283993783994,60,58,False,False
P5|GA_before|seed=16,P5,GA_before,16,P5-T016,0.574592074592,0.666666666667,0.620629370629,0.589937839938,0.0306915306915,48,45,False,False
P5|GA_before|seed=17,P5,GA_before,17,P5-T017,0.588578088578,0.7,0.644289044289,0.607148407148,0.0371406371406,17,33,False,False
P5|GA_before|seed=18,P5,GA_before,18,P5-T018,0.542657342657,0.65,0.596328671329,0.560547785548,0.0357808857809,58,56,False,False
P5|GA_before|seed=19,P5,GA_before,19,P5-T019,0.587412587413,0.7,0.643706293706,0.606177156177,0.0375291375291,18,36,False,False
P5|GA_before|seed=20,P5,GA_before,20,P5-T020,0.586247086247,0.7,0.643123543124,0.605205905206,0.0379176379176,19.5,37.5,False,False
P5|GA_before|seed=21,P5,GA_before,21,P5-T021,0.547785547786,0.683333333333,0.615559440559,0.570376845377,0.0451825951826,52,53,False,False
P5|GA_before|seed=22,P5,GA_before,22,P5-T022,0.615384615385,0.683333333333,0.649358974359,0.626709401709,0.0226495726496,8,9,False,False
P5|GA_before|seed=23,P5,GA_before,23,P5-T023,0.589277389277,0.666666666667,0.627972027972,0.602175602176,0.0257964257964,34,41,False,False
P5|GA_before|seed=24,P5,GA_before,24,P5-T024,0.574592074592,0.683333333333,0.628962703963,0.592715617716,0.0362470862471,33,43,False,False
P5|GA_before|seed=25,P5,GA_before,25,P5-T025,0.584615384615,0.6,0.592307692308,0.587179487179,0.00512820512821,59,46,False,False
P5|GA_before|seed=26,P5,GA_before,26,P5-T026,0.559440559441,0.7,0.62972027972,0.582867132867,0.0468531468531,32,50,False,False
P5|GA_before|seed=27,P5,GA_before,27,P5-T008,0.538461538462,0.683333333333,0.610897435897,0.562606837607,0.0482905982906,53.5,54.5,False,False
P5|GA_before|seed=28,P5,GA_before,28,P5-T027,0.586247086247,0.7,0.643123543124,0.605205905206,0.0379176379176,19.5,37.5,False,False
P5|GA_before|seed=29,P5,GA_before,29,P5-T028,0.614219114219,0.683333333333,0.648776223776,0.625738150738,0.0230380730381,12.5,17.5,False,False
P5|GA_before|seed=30,P5,GA_before,30,P5-T029,0.609557109557,0.666666666667,0.638111888112,0.619075369075,0.0190365190365,28,23,False,False
P5|GA_corrected|seed=01,P5,GA_corrected,1,P5-T030,0.630536130536,0.616666666667,0.623601398601,0.618978243978,0.00462315462315,39.5,25.5,False,False
P5|GA_corrected|seed=02,P5,GA_corrected,2,P5-T031,0.615384615385,0.666666666667,0.641025641026,0.623931623932,0.017094017094,25,21,False,False
P5|GA_corrected|seed=03,P5,GA_corrected,3,P5-T022,0.615384615385,0.683333333333,0.649358974359,0.626709401709,0.0226495726496,8,9,False,False
P5|GA_corrected|seed=04,P5,GA_corrected,4,P5-T032,0.629370629371,0.616666666667,0.623018648019,0.618783993784,0.00423465423465,43.5,28.5,False,False
P5|GA_corrected|seed=05,P5,GA_corrected,5,P5-T033,0.617715617716,0.666666666667,0.642191142191,0.625874125874,0.016317016317,22.5,12.5,False,False
P5|GA_corrected|seed=06,P5,GA_corrected,6,P5-T034,0.623543123543,0.666666666667,0.645104895105,0.63073038073,0.0143745143745,16,1,False,True
P5|GA_corrected|seed=07,P5,GA_corrected,7,P5-T035,0.618881118881,0.616666666667,0.617773892774,0.617035742036,0.000738150738151,51,31,False,False
P5|GA_corrected|seed=08,P5,GA_corrected,8,P5-T036,0.61655011655,0.683333333333,0.649941724942,0.627680652681,0.0222610722611,3.5,4.5,True,True
P5|GA_corrected|seed=09,P5,GA_corrected,9,P5-T030,0.630536130536,0.616666666667,0.623601398601,0.618978243978,0.00462315462315,39.5,25.5,False,False
P5|GA_corrected|seed=10,P5,GA_corrected,10,P5-T036,0.61655011655,0.683333333333,0.649941724942,0.627680652681,0.0222610722611,3.5,4.5,True,True
P5|GA_corrected|seed=11,P5,GA_corrected,11,P5-T036,0.61655011655,0.683333333333,0.649941724942,0.627680652681,0.0222610722611,3.5,4.5,True,True
P5|GA_corrected|seed=12,P5,GA_corrected,12,P5-T010,0.614219114219,0.683333333333,0.648776223776,0.625738150738,0.0230380730381,12.5,17.5,False,False
P5|GA_corrected|seed=13,P5,GA_corrected,13,P5-T037,0.628205128205,0.616666666667,0.622435897436,0.61858974359,0.00384615384615,46,30,False,False
P5|GA_corrected|seed=14,P5,GA_corrected,14,P5-T038,0.614918414918,0.666666666667,0.640792540793,0.623543123543,0.0172494172494,26,22,False,False
P5|GA_corrected|seed=15,P5,GA_corrected,15,P5-T039,0.596736596737,0.683333333333,0.640034965035,0.611169386169,0.0288655788656,27,32,False,False
P5|GA_corrected|seed=16,P5,GA_corrected,16,P5-T036,0.61655011655,0.683333333333,0.649941724942,0.627680652681,0.0222610722611,3.5,4.5,True,True
P5|GA_corrected|seed=17,P5,GA_corrected,17,P5-T030,0.630536130536,0.616666666667,0.623601398601,0.618978243978,0.00462315462315,39.5,25.5,False,False
P5|GA_corrected|seed=18,P5,GA_corrected,18,P5-T033,0.617715617716,0.666666666667,0.642191142191,0.625874125874,0.016317016317,22.5,12.5,False,False
P5|GA_corrected|seed=19,P5,GA_corrected,19,P5-T028,0.614219114219,0.683333333333,0.648776223776,0.625738150738,0.0230380730381,12.5,17.5,False,False
P5|GA_corrected|seed=20,P5,GA_corrected,20,P5-T040,0.629370629371,0.616666666667,0.623018648019,0.618783993784,0.00423465423465,43.5,28.5,False,False
P5|GA_corrected|seed=21,P5,GA_corrected,21,P5-T036,0.61655011655,0.683333333333,0.649941724942,0.627680652681,0.0222610722611,3.5,4.5,True,False
P5|GA_corrected|seed=22,P5,GA_corrected,22,P5-T033,0.617715617716,0.666666666667,0.642191142191,0.625874125874,0.016317016317,22.5,12.5,False,False
P5|GA_corrected|seed=23,P5,GA_corrected,23,P5-T036,0.61655011655,0.683333333333,0.649941724942,0.627680652681,0.0222610722611,3.5,4.5,False,False
P5|GA_corrected|seed=24,P5,GA_corrected,24,P5-T041,0.638694638695,0.6,0.619347319347,0.606449106449,0.0128982128982,49.5,34.5,False,False
P5|GA_corrected|seed=25,P5,GA_corrected,25,P5-T022,0.615384615385,0.683333333333,0.649358974359,0.626709401709,0.0226495726496,8,9,False,False
P5|GA_corrected|seed=26,P5,GA_corrected,26,P5-T042,0.617715617716,0.666666666667,0.642191142191,0.625874125874,0.016317016317,22.5,12.5,False,False
P5|GA_corrected|seed=27,P5,GA_corrected,27,P5-T043,0.614219114219,0.683333333333,0.648776223776,0.625738150738,0.0230380730381,12.5,17.5,False,False
P5|GA_corrected|seed=28,P5,GA_corrected,28,P5-T044,0.614219114219,0.683333333333,0.648776223776,0.625738150738,0.0230380730381,12.5,17.5,False,False
P5|GA_corrected|seed=29,P5,GA_corrected,29,P5-T030,0.630536130536,0.616666666667,0.623601398601,0.618978243978,0.00462315462315,39.5,25.5,False,False
P5|GA_corrected|seed=30,P5,GA_corrected,30,P5-T045,0.638694638695,0.6,0.619347319347,0.606449106449,0.0128982128982,49.5,34.5,False,False
P6|GA_before|seed=01,P6,GA_before,1,P6-T001,0.436319236319,0.642857142857,0.539588189588,0.470742220742,0.068845968846,43.5,46.5,False,False
P6|GA_before|seed=02,P6,GA_before,2,P6-T002,0.420418470418,0.666666666667,0.543542568543,0.46145983646,0.0820827320827,36,59,False,False
P6|GA_before|seed=03,P6,GA_before,3,P6-T003,0.479786879787,0.642857142857,0.561322011322,0.506965256965,0.0543567543568,6,33,False,False
P6|GA_before|seed=04,P6,GA_before,4,P6-T004,0.433555333555,0.642857142857,0.538206238206,0.468438968439,0.0697672697673,47.5,52.5,False,False
P6|GA_before|seed=05,P6,GA_before,5,P6-T005,0.433555333555,0.638095238095,0.535825285825,0.467645317645,0.06817996818,51,54,False,False
P6|GA_before|seed=06,P6,GA_before,6,P6-T006,0.433555333555,0.647619047619,0.540587190587,0.469232619233,0.0713545713546,39.5,49.5,False,False
P6|GA_before|seed=07,P6,GA_before,7,P6-T007,0.456920856921,0.557142857143,0.507031857032,0.473624523625,0.0334073334073,59,45,False,False
P6|GA_before|seed=08,P6,GA_before,8,P6-T008,0.433555333555,0.628571428571,0.531063381063,0.466058016058,0.0650053650054,55,57,False,False
P6|GA_before|seed=09,P6,GA_before,9,P6-T009,0.433555333555,0.647619047619,0.540587190587,0.469232619233,0.0713545713546,41.5,49.5,False,False
P6|GA_before|seed=10,P6,GA_before,10,P6-T010,0.433555333555,0.633333333333,0.533444333444,0.466851666852,0.0665926665927,53.5,55.5,False,False
P6|GA_before|seed=11,P6,GA_before,11,P6-T011,0.480330780331,0.614285714286,0.547308247308,0.502656602657,0.0446516446516,29,36,False,False
P6|GA_before|seed=12,P6,GA_before,12,P6-T012,0.433555333555,0.647619047619,0.540587190587,0.469232619233,0.0713545713546,39.5,49.5,False,False
P6|GA_before|seed=13,P6,GA_before,13,P6-T004,0.433555333555,0.642857142857,0.538206238206,0.468438968439,0.0697672697673,47.5,52.5,False,False
P6|GA_before|seed=14,P6,GA_before,14,P6-T013,0.484737484737,0.657142857143,0.57094017094,0.513471713472,0.0574684574685,2,31,True,False
P6|GA_before|seed=15,P6,GA_before,15,P6-T014,0.461610611611,0.609523809524,0.535567210567,0.486262811263,0.0493043993044,52,41,False,False
P6|GA_before|seed=16,P6,GA_before,16,P6-T009,0.433555333555,0.647619047619,0.540587190587,0.469232619233,0.0713545713546,41.5,49.5,False,False
P6|GA_before|seed=17,P6,GA_before,17,P6-T015,0.4556998557,0.661904761905,0.558802308802,0.490067340067,0.068734968735,13,39,False,False
P6|GA_before|seed=18,P6,GA_before,18,P6-T010,0.433555333555,0.633333333333,0.533444333444,0.466851666852,0.0665926665927,53.5,55.5,False,False
P6|GA_before|seed=19,P6,GA_before,19,P6-T016,0.481684981685,0.62380952381,0.552747252747,0.505372405372,0.0473748473748,23,35,False,False
P6|GA_before|seed=20,P6,GA_before,20,P6-T017,0.45187035187,0.604761904762,0.528316128316,0.477352277352,0.0509638509639,56.5,43.5,False,False
P6|GA_before|seed=21,P6,GA_before,21,P6-T018,0.461471861472,0.661904761905,0.561688311688,0.494877344877,0.066810966811,5,38,True,False
P6|GA_before|seed=22,P6,GA_before,22,P6-T019,0.45187035187,0.604761904762,0.528316128316,0.477352277352,0.0509638509639,56.5,43.5,False,False
P6|GA_before|seed=23,P6,GA_before,23,P6-T020,0.432778332778,0.62380952381,0.528293928294,0.464616864617,0.0636770636771,58,58,False,False
P6|GA_before|seed=24,P6,GA_before,24,P6-T021,0.473470973471,0.609523809524,0.541497391497,0.496146446146,0.0453509453509,38,37,False,False
P6|GA_before|seed=25,P6,GA_before,25,P6-T022,0.429181929182,0.519047619048,0.474114774115,0.44415954416,0.0299552299552,60,60,False,False
P6|GA_before|seed=26,P6,GA_before,26,P6-T023,0.456043956044,0.652380952381,0.554212454212,0.488766788767,0.0654456654457,19,40,False,False
P6|GA_before|seed=27,P6,GA_before,27,P6-T024,0.479786879787,0.638095238095,0.558941058941,0.506171606172,0.0527694527695,12,34,False,False
P6|GA_before|seed=28,P6,GA_before,28,P6-T025,0.482839382839,0.661904761905,0.572372072372,0.512683612684,0.0596884596885,1,32,True,False
P6|GA_before|seed=29,P6,GA_before,29,P6-T001,0.436319236319,0.642857142857,0.539588189588,0.470742220742,0.068845968846,43.5,46.5,False,False
P6|GA_before|seed=30,P6,GA_before,30,P6-T026,0.454634254634,0.628571428571,0.541602841603,0.483623783624,0.0579790579791,37,42,False,False
P6|GA_corrected|seed=01,P6,GA_corrected,1,P6-T027,0.520246420246,0.571428571429,0.545837495837,0.528776778777,0.0170607170607,32.5,23.5,False,False
P6|GA_corrected|seed=02,P6,GA_corrected,2,P6-T028,0.521367521368,0.57619047619,0.548778998779,0.530504680505,0.0182743182743,26.5,18.5,False,False
P6|GA_corrected|seed=03,P6,GA_corrected,3,P6-T029,0.521367521368,0.557142857143,0.539255189255,0.52733007733,0.0119251119251,45,25,False,False
P6|GA_corrected|seed=04,P6,GA_corrected,4,P6-T030,0.517682317682,0.595238095238,0.55646020646,0.530608280608,0.0258519258519,16,17,False,False
P6|GA_corrected|seed=05,P6,GA_corrected,5,P6-T031,0.521367521368,0.571428571429,0.546398046398,0.529711029711,0.016687016687,30.5,21.5,False,False
P6|GA_corrected|seed=06,P6,GA_corrected,6,P6-T032,0.521367521368,0.585714285714,0.553540903541,0.532091982092,0.0214489214489,20.5,12.5,False,False
P6|GA_corrected|seed=07,P6,GA_corrected,7,P6-T033,0.521023421023,0.6,0.560511710512,0.534186184186,0.0263255263255,10.5,6.5,False,False
P6|GA_corrected|seed=08,P6,GA_corrected,8,P6-T034,0.520246420246,0.585714285714,0.55298035298,0.531157731158,0.0218226218226,22,15,False,False
P6|GA_corrected|seed=09,P6,GA_corrected,9,P6-T035,0.521367521368,0.571428571429,0.546398046398,0.529711029711,0.016687016687,30.5,21.5,False,False
P6|GA_corrected|seed=10,P6,GA_corrected,10,P6-T036,0.521367521368,0.6,0.560683760684,0.534472934473,0.0262108262108,8,4,False,True
P6|GA_corrected|seed=11,P6,GA_corrected,11,P6-T037,0.521367521368,0.6,0.560683760684,0.534472934473,0.0262108262108,8,4,False,True
P6|GA_corrected|seed=12,P6,GA_corrected,12,P6-T038,0.521023421023,0.57619047619,0.548606948607,0.530217930218,0.018389018389,28,20,False,False
P6|GA_corrected|seed=13,P6,GA_corrected,13,P6-T039,0.521367521368,0.590476190476,0.555921855922,0.532885632886,0.0230362230362,17.5,10.5,False,False
P6|GA_corrected|seed=14,P6,GA_corrected,14,P6-T040,0.521367521368,0.585714285714,0.553540903541,0.532091982092,0.0214489214489,20.5,12.5,False,False
P6|GA_corrected|seed=15,P6,GA_corrected,15,P6-T033,0.521023421023,0.6,0.560511710512,0.534186184186,0.0263255263255,10.5,6.5,False,False
P6|GA_corrected|seed=16,P6,GA_corrected,16,P6-T041,0.517682317682,0.571428571429,0.544555444555,0.52664002664,0.0179154179154,34.5,27.5,False,False
P6|GA_corrected|seed=17,P6,GA_corrected,17,P6-T042,0.521367521368,0.590476190476,0.555921855922,0.532885632886,0.0230362230362,17.5,10.5,False,False
P6|GA_corrected|seed=18,P6,GA_corrected,18,P6-T043,0.517682317682,0.571428571429,0.544555444555,0.52664002664,0.0179154179154,34.5,27.5,False,False
P6|GA_corrected|seed=19,P6,GA_corrected,19,P6-T037,0.521367521368,0.6,0.560683760684,0.534472934473,0.0262108262108,8,4,False,True
P6|GA_corrected|seed=20,P6,GA_corrected,20,P6-T044,0.521023421023,0.580952380952,0.550987900988,0.531011581012,0.0199763199763,25,16,False,False
P6|GA_corrected|seed=21,P6,GA_corrected,21,P6-T045,0.52079032079,0.557142857143,0.538966588967,0.526849076849,0.0121175121175,46,26,False,False
P6|GA_corrected|seed=22,P6,GA_corrected,22,P6-T046,0.521367521368,0.57619047619,0.548778998779,0.530504680505,0.0182743182743,26.5,18.5,False,False
P6|GA_corrected|seed=23,P6,GA_corrected,23,P6-T047,0.521367521368,0.580952380952,0.55115995116,0.531298331298,0.0198616198616,24,14,False,False
P6|GA_corrected|seed=24,P6,GA_corrected,24,P6-T048,0.521367521368,0.552380952381,0.536874236874,0.526536426536,0.0103378103378,49.5,29.5,False,False
P6|GA_corrected|seed=25,P6,GA_corrected,25,P6-T049,0.521367521368,0.604761904762,0.563064713065,0.535266585267,0.0277981277981,4,2,True,True
P6|GA_corrected|seed=26,P6,GA_corrected,26,P6-T050,0.521367521368,0.595238095238,0.558302808303,0.533679283679,0.0246235246235,14.5,8.5,False,False
P6|GA_corrected|seed=27,P6,GA_corrected,27,P6-T051,0.521367521368,0.552380952381,0.536874236874,0.526536426536,0.0103378103378,49.5,29.5,False,False
P6|GA_corrected|seed=28,P6,GA_corrected,28,P6-T052,0.521367521368,0.609523809524,0.565445665446,0.53606023606,0.0293854293854,3,1,True,True
P6|GA_corrected|seed=29,P6,GA_corrected,29,P6-T053,0.520246420246,0.571428571429,0.545837495837,0.528776778777,0.0170607170607,32.5,23.5,False,False
P6|GA_corrected|seed=30,P6,GA_corrected,30,P6-T054,0.521367521368,0.595238095238,0.558302808303,0.533679283679,0.0246235246235,14.5,8.5,False,False
P7|GA_before|seed=01,P7,GA_before,1,P7-T001,0.564740814741,0.63,0.59737040737,0.575617345617,0.0217530617531,57,48,False,False
P7|GA_before|seed=02,P7,GA_before,2,P7-T002,0.559385059385,0.66,0.609692529693,0.576154216154,0.0335383135383,49,47,False,False
P7|GA_before|seed=03,P7,GA_before,3,P7-T003,0.566988566989,0.66,0.613494283494,0.58249047249,0.0310038110038,48,44,False,False
P7|GA_before|seed=04,P7,GA_before,4,P7-T004,0.612942612943,0.66,0.636471306471,0.620785510786,0.0156857956858,30,30,False,False
P7|GA_before|seed=05,P7,GA_before,5,P7-T005,0.551864801865,0.68,0.615932400932,0.573220668221,0.0427117327117,43.5,49.5,False,False
P7|GA_before|seed=06,P7,GA_before,6,P7-T006,0.583916083916,0.66,0.621958041958,0.596596736597,0.0253613053613,40,37,False,False
P7|GA_before|seed=07,P7,GA_before,7,P7-T007,0.564296814297,0.59,0.577148407148,0.568580678581,0.00856772856773,59,52,False,False
P7|GA_before|seed=08,P7,GA_before,8,P7-T008,0.568098568099,0.68,0.624049284049,0.586748806749,0.0373004773005,37,40,False,False
P7|GA_before|seed=09,P7,GA_before,9,P7-T009,0.610944610945,0.68,0.645472305472,0.622453842454,0.0230184630185,2.5,27.5,True,False
P7|GA_before|seed=10,P7,GA_before,10,P7-T010,0.540348540349,0.67,0.605174270174,0.561957116957,0.0432171532172,52,57,False,False
P7|GA_before|seed=11,P7,GA_before,11,P7-T011,0.562937062937,0.67,0.616468531469,0.580780885781,0.0356876456876,42,45,False,False
P7|GA_before|seed=12,P7,GA_before,12,P7-T012,0.539238539239,0.68,0.609619269619,0.562698782699,0.0469204869205,50,55,False,False
P7|GA_before|seed=13,P7,GA_before,13,P7-T013,0.555860805861,0.66,0.60793040293,0.573217338217,0.0347130647131,51,51,False,False
P7|GA_before|seed=14,P7,GA_before,14,P7-T009,0.610944610945,0.68,0.645472305472,0.622453842454,0.0230184630185,2.5,27.5,True,False
P7|GA_before|seed=15,P7,GA_before,15,P7-T009,0.610944610945,0.68,0.645472305472,0.622453842454,0.0230184630185,2.5,27.5,True,False
P7|GA_before|seed=16,P7,GA_before,16,P7-T005,0.551864801865,0.68,0.615932400932,0.573220668221,0.0427117327117,43.5,49.5,False,False
P7|GA_before|seed=17,P7,GA_before,17,P7-T014,0.514652014652,0.61,0.562326007326,0.530543345543,0.0317826617827,60,60,False,False
P7|GA_before|seed=18,P7,GA_before,18,P7-T015,0.566877566878,0.68,0.623438783439,0.585731305731,0.0377074777075,38.5,41.5,False,False
P7|GA_before|seed=19,P7,GA_before,19,P7-T016,0.589133089133,0.68,0.634566544567,0.604277574278,0.030288970289,32.5,34.5,False,False
P7|GA_before|seed=20,P7,GA_before,20,P7-T016,0.589133089133,0.68,0.634566544567,0.604277574278,0.030288970289,32.5,34.5,False,False
P7|GA_before|seed=21,P7,GA_before,21,P7-T017,0.51665001665,0.68,0.598325008325,0.543875013875,0.05444999445,55.5,58.5,False,False
P7|GA_before|seed=22,P7,GA_before,22,P7-T018,0.544455544456,0.65,0.597227772228,0.562046287046,0.0351814851815,58,56,False,False
P7|GA_before|seed=23,P7,GA_before,23,P7-T019,0.538905538906,0.69,0.614452769453,0.564087949088,0.0503648203648,45.5,53.5,False,False
P7|GA_before|seed=24,P7,GA_before,24,P7-T020,0.568542568543,0.66,0.614271284271,0.583785473785,0.0304858104858,47,43,False,False
P7|GA_before|seed=25,P7,GA_before,25,P7-T015,0.566877566878,0.68,0.623438783439,0.585731305731,0.0377074777075,38.5,41.5,False,False
P7|GA_before|seed=26,P7,GA_before,26,P7-T017,0.51665001665,0.68,0.598325008325,0.543875013875,0.05444999445,55.5,58.5,False,False
P7|GA_before|seed=27,P7,GA_before,27,P7-T021,0.538905538906,0.69,0.614452769453,0.564087949088,0.0503648203648,45.5,53.5,False,False
P7|GA_before|seed=28,P7,GA_before,28,P7-T022,0.58991008991,0.67,0.629955044955,0.603258408258,0.0266966366966,36,36,False,False
P7|GA_before|seed=29,P7,GA_before,29,P7-T009,0.610944610945,0.68,0.645472305472,0.622453842454,0.0230184630185,2.5,27.5,True,False
P7|GA_before|seed=30,P7,GA_before,30,P7-T023,0.555860805861,0.68,0.61793040293,0.576550671551,0.0413797313797,41,46,False,False
P7|GA_corrected|seed=01,P7,GA_corrected,1,P7-T024,0.627261627262,0.66,0.643630813631,0.632718022718,0.0109127909128,10,6,True,True
P7|GA_corrected|seed=02,P7,GA_corrected,2,P7-T024,0.627261627262,0.66,0.643630813631,0.632718022718,0.0109127909128,10,6,False,True
P7|GA_corrected|seed=03,P7,GA_corrected,3,P7-T025,0.626484626485,0.66,0.643242313242,0.632070522071,0.0111717911718,19.5,15.5,False,False
P7|GA_corrected|seed=04,P7,GA_corrected,4,P7-T026,0.625707625708,0.66,0.642853812854,0.631423021423,0.0114307914308,24,20,False,False
P7|GA_corrected|seed=05,P7,GA_corrected,5,P7-T027,0.625707625708,0.64,0.632853812854,0.62808968809,0.00476412476412,34,25,False,False
P7|GA_corrected|seed=06,P7,GA_corrected,6,P7-T028,0.610056610057,0.65,0.630028305028,0.616713841714,0.0133144633145,35,33,False,False
P7|GA_corrected|seed=07,P7,GA_corrected,7,P7-T024,0.627261627262,0.66,0.643630813631,0.632718022718,0.0109127909128,10,6,False,True
P7|GA_corrected|seed=08,P7,GA_corrected,8,P7-T024,0.627261627262,0.66,0.643630813631,0.632718022718,0.0109127909128,10,6,False,True
P7|GA_corrected|seed=09,P7,GA_corrected,9,P7-T025,0.626484626485,0.66,0.643242313242,0.632070522071,0.0111717911718,19.5,15.5,False,False
P7|GA_corrected|seed=10,P7,GA_corrected,10,P7-T029,0.611721611722,0.66,0.635860805861,0.619768009768,0.0160927960928,31,31,False,False
P7|GA_corrected|seed=11,P7,GA_corrected,11,P7-T024,0.627261627262,0.66,0.643630813631,0.632718022718,0.0109127909128,10,6,False,True
P7|GA_corrected|seed=12,P7,GA_corrected,12,P7-T024,0.627261627262,0.66,0.643630813631,0.632718022718,0.0109127909128,10,6,False,False
P7|GA_corrected|seed=13,P7,GA_corrected,13,P7-T030,0.626484626485,0.65,0.638242313242,0.630403855404,0.00783845783846,27.5,22.5,False,False
P7|GA_corrected|seed=14,P7,GA_corrected,14,P7-T031,0.626484626485,0.66,0.643242313242,0.632070522071,0.0111717911718,19.5,15.5,False,False
P7|GA_corrected|seed=15,P7,GA_corrected,15,P7-T032,0.625707625708,0.65,0.637853812854,0.629756354756,0.00809745809746,29,24,False,False
P7|GA_corrected|seed=16,P7,GA_corrected,16,P7-T033,0.627261627262,0.65,0.638630813631,0.631051356051,0.00757945757946,25,21,False,False
P7|GA_corrected|seed=17,P7,GA_corrected,17,P7-T034,0.611277611278,0.59,0.600638805639,0.593546268546,0.00709253709254,54,39,False,False
P7|GA_corrected|seed=18,P7,GA_corrected,18,P7-T024,0.627261627262,0.66,0.643630813631,0.632718022718,0.0109127909128,10,6,False,False
P7|GA_corrected|seed=19,P7,GA_corrected,19,P7-T030,0.626484626485,0.65,0.638242313242,0.630403855404,0.00783845783846,27.5,22.5,False,False
P7|GA_corrected|seed=20,P7,GA_corrected,20,P7-T025,0.626484626485,0.66,0.643242313242,0.632070522071,0.0111717911718,19.5,15.5,False,False
P7|GA_corrected|seed=21,P7,GA_corrected,21,P7-T025,0.626484626485,0.66,0.643242313242,0.632070522071,0.0111717911718,19.5,15.5,False,False
P7|GA_corrected|seed=22,P7,GA_corrected,22,P7-T024,0.627261627262,0.66,0.643630813631,0.632718022718,0.0109127909128,10,6,False,False
P7|GA_corrected|seed=23,P7,GA_corrected,23,P7-T025,0.626484626485,0.66,0.643242313242,0.632070522071,0.0111717911718,19.5,15.5,False,False
P7|GA_corrected|seed=24,P7,GA_corrected,24,P7-T024,0.627261627262,0.66,0.643630813631,0.632718022718,0.0109127909128,10,6,False,False
P7|GA_corrected|seed=25,P7,GA_corrected,25,P7-T024,0.627261627262,0.66,0.643630813631,0.632718022718,0.0109127909128,10,6,False,False
P7|GA_corrected|seed=26,P7,GA_corrected,26,P7-T031,0.626484626485,0.66,0.643242313242,0.632070522071,0.0111717911718,19.5,15.5,False,False
P7|GA_corrected|seed=27,P7,GA_corrected,27,P7-T025,0.626484626485,0.66,0.643242313242,0.632070522071,0.0111717911718,19.5,15.5,False,False
P7|GA_corrected|seed=28,P7,GA_corrected,28,P7-T024,0.627261627262,0.66,0.643630813631,0.632718022718,0.0109127909128,10,6,False,False
P7|GA_corrected|seed=29,P7,GA_corrected,29,P7-T035,0.613275613276,0.59,0.601637806638,0.593879268879,0.00775853775854,53,38,False,False
P7|GA_corrected|seed=30,P7,GA_corrected,30,P7-T036,0.606504606505,0.67,0.638252303252,0.617087172087,0.0211651311651,26,32,False,False
P8|GA_before|seed=01,P8,GA_before,1,P8-T001,0.636752136752,0.69,0.663376068376,0.645626780627,0.0177492877493,45,41,False,False
P8|GA_before|seed=02,P8,GA_before,2,P8-T002,0.68025030525,0.67,0.675125152625,0.671708384208,0.00341676841677,32,25,False,False
P8|GA_before|seed=03,P8,GA_before,3,P8-T003,0.636752136752,0.69,0.663376068376,0.645626780627,0.0177492877493,45,41,False,False
P8|GA_before|seed=04,P8,GA_before,4,P8-T004,0.636752136752,0.69,0.663376068376,0.645626780627,0.0177492877493,45,41,False,False
P8|GA_before|seed=05,P8,GA_before,5,P8-T005,0.684371184371,0.67,0.677185592186,0.672395197395,0.00479039479039,18.5,13.5,False,False
P8|GA_before|seed=06,P8,GA_before,6,P8-T006,0.608058608059,0.67,0.639029304029,0.618382173382,0.0206471306471,57.5,54.5,False,False
P8|GA_before|seed=07,P8,GA_before,7,P8-T007,0.636752136752,0.69,0.663376068376,0.645626780627,0.0177492877493,45,41,False,False
P8|GA_before|seed=08,P8,GA_before,8,P8-T008,0.683455433455,0.67,0.676727716728,0.672242572243,0.00448514448514,24,19,False,False
P8|GA_before|seed=09,P8,GA_before,9,P8-T009,0.636752136752,0.69,0.663376068376,0.645626780627,0.0177492877493,45,41,False,False
P8|GA_before|seed=10,P8,GA_before,10,P8-T010,0.636752136752,0.66,0.648376068376,0.640626780627,0.00774928774929,55,50,False,False
P8|GA_before|seed=11,P8,GA_before,11,P8-T011,0.684371184371,0.62,0.652185592186,0.630728530729,0.0214570614571,52,53,False,False
P8|GA_before|seed=12,P8,GA_before,12,P8-T012,0.684829059829,0.62,0.652414529915,0.630804843305,0.0216096866097,51,52,False,False
P8|GA_before|seed=13,P8,GA_before,13,P8-T013,0.683455433455,0.67,0.676727716728,0.672242572243,0.00448514448514,24,19,False,False
P8|GA_before|seed=14,P8,GA_before,14,P8-T014,0.68253968254,0.67,0.67626984127,0.67208994709,0.00417989417989,29,24,False,False
P8|GA_before|seed=15,P8,GA_before,15,P8-T015,0.57264957265,0.67,0.621324786325,0.588874643875,0.0324501424501,60,60,False,False
P8|GA_before|seed=16,P8,GA_before,16,P8-T016,0.636752136752,0.69,0.663376068376,0.645626780627,0.0177492877493,45,41,False,False
P8|GA_before|seed=17,P8,GA_before,17,P8-T008,0.683455433455,0.67,0.676727716728,0.672242572243,0.00448514448514,24,19,False,False
P8|GA_before|seed=18,P8,GA_before,18,P8-T017,0.684829059829,0.65,0.667414529915,0.655804843305,0.0116096866097,36,35,False,False
P8|GA_before|seed=19,P8,GA_before,19,P8-T013,0.683455433455,0.67,0.676727716728,0.672242572243,0.00448514448514,24,19,False,False
P8|GA_before|seed=20,P8,GA_before,20,P8-T013,0.683455433455,0.67,0.676727716728,0.672242572243,0.00448514448514,24,19,False,False
P8|GA_before|seed=21,P8,GA_before,21,P8-T013,0.683455433455,0.67,0.676727716728,0.672242572243,0.00448514448514,24,19,False,False
P8|GA_before|seed=22,P8,GA_before,22,P8-T005,0.684371184371,0.67,0.677185592186,0.672395197395,0.00479039479039,18.5,13.5,False,False
P8|GA_before|seed=23,P8,GA_before,23,P8-T018,0.620726495726,0.69,0.655363247863,0.632272079772,0.0230911680912,50,51,False,False
P8|GA_before|seed=24,P8,GA_before,24,P8-T007,0.636752136752,0.69,0.663376068376,0.645626780627,0.0177492877493,45,41,False,False
P8|GA_before|seed=25,P8,GA_before,25,P8-T008,0.683455433455,0.67,0.676727716728,0.672242572243,0.00448514448514,24,19,False,False
P8|GA_before|seed=26,P8,GA_before,26,P8-T013,0.683455433455,0.67,0.676727716728,0.672242572243,0.00448514448514,24,19,False,False
P8|GA_before|seed=27,P8,GA_before,27,P8-T019,0.636752136752,0.69,0.663376068376,0.645626780627,0.0177492877493,45,41,False,False
P8|GA_before|seed=28,P8,GA_before,28,P8-T004,0.636752136752,0.69,0.663376068376,0.645626780627,0.0177492877493,45,41,False,False
P8|GA_before|seed=29,P8,GA_before,29,P8-T013,0.683455433455,0.67,0.676727716728,0.672242572243,0.00448514448514,24,19,False,False
P8|GA_before|seed=30,P8,GA_before,30,P8-T006,0.608058608059,0.67,0.639029304029,0.618382173382,0.0206471306471,57.5,54.5,False,False
P8|GA_corrected|seed=01,P8,GA_corrected,1,P8-T020,0.696733821734,0.58,0.638366910867,0.599455636956,0.0389112739113,59,59,False,False
P8|GA_corrected|seed=02,P8,GA_corrected,2,P8-T021,0.69764957265,0.65,0.673824786325,0.657941595442,0.0158831908832,33.5,33.5,False,False
P8|GA_corrected|seed=03,P8,GA_corrected,3,P8-T022,0.699481074481,0.68,0.689740537241,0.683246845747,0.00649369149369,4,4,True,True
P8|GA_corrected|seed=04,P8,GA_corrected,4,P8-T023,0.700854700855,0.67,0.685427350427,0.675142450142,0.0102849002849,7,8.5,True,True
P8|GA_corrected|seed=05,P8,GA_corrected,5,P8-T024,0.700854700855,0.67,0.685427350427,0.675142450142,0.0102849002849,11,8.5,False,False
P8|GA_corrected|seed=06,P8,GA_corrected,6,P8-T025,0.700854700855,0.58,0.640427350427,0.600142450142,0.0402849002849,56,58,False,False
P8|GA_corrected|seed=07,P8,GA_corrected,7,P8-T026,0.700854700855,0.68,0.690427350427,0.683475783476,0.00695156695157,1.5,1.5,True,True
P8|GA_corrected|seed=08,P8,GA_corrected,8,P8-T027,0.69764957265,0.6,0.648824786325,0.616274928775,0.0325498575499,54,57,False,False
P8|GA_corrected|seed=09,P8,GA_corrected,9,P8-T023,0.700854700855,0.67,0.685427350427,0.675142450142,0.0102849002849,7,8.5,False,False
P8|GA_corrected|seed=10,P8,GA_corrected,10,P8-T023,0.700854700855,0.67,0.685427350427,0.675142450142,0.0102849002849,7,8.5,False,False
P8|GA_corrected|seed=11,P8,GA_corrected,11,P8-T028,0.698565323565,0.63,0.664282661783,0.641427553928,0.0228551078551,39.5,48.5,False,False
P8|GA_corrected|seed=12,P8,GA_corrected,12,P8-T029,0.700854700855,0.66,0.680427350427,0.666809116809,0.0136182336182,14.5,27.5,False,False
P8|GA_corrected|seed=13,P8,GA_corrected,13,P8-T026,0.700854700855,0.68,0.690427350427,0.683475783476,0.00695156695157,1.5,1.5,True,True
P8|GA_corrected|seed=14,P8,GA_corrected,14,P8-T030,0.700854700855,0.66,0.680427350427,0.666809116809,0.0136182336182,14.5,27.5,False,False
P8|GA_corrected|seed=15,P8,GA_corrected,15,P8-T031,0.700854700855,0.65,0.675427350427,0.658475783476,0.0169515669516,30.5,31.5,False,False
P8|GA_corrected|seed=16,P8,GA_corrected,16,P8-T032,0.698107448107,0.66,0.679053724054,0.666351241351,0.0127024827025,17,30,False,False
P8|GA_corrected|seed=17,P8,GA_corrected,17,P8-T023,0.700854700855,0.67,0.685427350427,0.675142450142,0.0102849002849,7,8.5,False,False
P8|GA_corrected|seed=18,P8,GA_corrected,18,P8-T033,0.700854700855,0.6,0.650427350427,0.616809116809,0.0336182336182,53,56,False,False
P8|GA_corrected|seed=19,P8,GA_corrected,19,P8-T034,0.700854700855,0.63,0.665427350427,0.641809116809,0.0236182336182,37.5,46.5,False,False
P8|GA_corrected|seed=20,P8,GA_corrected,20,P8-T035,0.698565323565,0.63,0.664282661783,0.641427553928,0.0228551078551,39.5,48.5,False,False
P8|GA_corrected|seed=21,P8,GA_corrected,21,P8-T036,0.700854700855,0.67,0.685427350427,0.675142450142,0.0102849002849,11,8.5,False,False
P8|GA_corrected|seed=22,P8,GA_corrected,22,P8-T037,0.699481074481,0.64,0.669740537241,0.649913512414,0.019827024827,35,36,False,False
P8|GA_corrected|seed=23,P8,GA_corrected,23,P8-T038,0.700854700855,0.66,0.680427350427,0.666809116809,0.0136182336182,14.5,27.5,False,False
P8|GA_corrected|seed=24,P8,GA_corrected,24,P8-T023,0.700854700855,0.67,0.685427350427,0.675142450142,0.0102849002849,7,8.5,False,False
P8|GA_corrected|seed=25,P8,GA_corrected,25,P8-T021,0.69764957265,0.65,0.673824786325,0.657941595442,0.0158831908832,33.5,33.5,False,False
P8|GA_corrected|seed=26,P8,GA_corrected,26,P8-T039,0.700854700855,0.65,0.675427350427,0.658475783476,0.0169515669516,30.5,31.5,False,False
P8|GA_corrected|seed=27,P8,GA_corrected,27,P8-T040,0.700854700855,0.66,0.680427350427,0.666809116809,0.0136182336182,14.5,27.5,False,False
P8|GA_corrected|seed=28,P8,GA_corrected,28,P8-T036,0.700854700855,0.67,0.685427350427,0.675142450142,0.0102849002849,11,8.5,False,False
P8|GA_corrected|seed=29,P8,GA_corrected,29,P8-T041,0.700854700855,0.63,0.665427350427,0.641809116809,0.0236182336182,37.5,46.5,False,False
P8|GA_corrected|seed=30,P8,GA_corrected,30,P8-T042,0.699938949939,0.68,0.689969474969,0.683323158323,0.00664631664632,3,3,True,True
P9|GA_before|seed=01,P9,GA_before,1,P9-T001,0.384157509158,0.606666666667,0.495412087912,0.421242368742,0.0741697191697,45,40,False,False
P9|GA_before|seed=02,P9,GA_before,2,P9-T002,0.370421245421,0.633333333333,0.501877289377,0.41423992674,0.0876373626374,41.5,43.5,False,False
P9|GA_before|seed=03,P9,GA_before,3,P9-T003,0.27793040293,0.573333333333,0.425631868132,0.327164224664,0.0984676434676,50,57,False,False
P9|GA_before|seed=04,P9,GA_before,4,P9-T004,0.391941391941,0.68,0.535970695971,0.439951159951,0.0960195360195,12,37,False,False
P9|GA_before|seed=05,P9,GA_before,5,P9-T005,0.369963369963,0.64,0.504981684982,0.414969474969,0.0900122100122,40,42,False,False
P9|GA_before|seed=06,P9,GA_before,6,P9-T006,0.288919413919,0.526666666667,0.407793040293,0.328543956044,0.0792490842491,57,55,False,False
P9|GA_before|seed=07,P9,GA_before,7,P9-T007,0.299908424908,0.5,0.399954212454,0.333257020757,0.0666971916972,58,51,False,False
P9|GA_before|seed=08,P9,GA_before,8,P9-T008,0.369963369963,0.646666666667,0.508315018315,0.416080586081,0.0922344322344,38,41,False,False
P9|GA_before|seed=09,P9,GA_before,9,P9-T009,0.307234432234,0.546666666667,0.426950549451,0.34713980464,0.0798107448107,49,46,False,False
P9|GA_before|seed=10,P9,GA_before,10,P9-T010,0.289835164835,0.526666666667,0.408250915751,0.329307081807,0.0789438339438,56,54,False,False
P9|GA_before|seed=11,P9,GA_before,11,P9-T011,0.401556776557,0.666666666667,0.534111721612,0.445741758242,0.08836996337,14,34,False,False
P9|GA_before|seed=12,P9,GA_before,12,P9-T012,0.289835164835,0.506666666667,0.398250915751,0.325973748474,0.0722771672772,59,59,False,False
P9|GA_before|seed=13,P9,GA_before,13,P9-T013,0.369963369963,0.633333333333,0.501648351648,0.413858363858,0.08778998779,44,45,False,False
P9|GA_before|seed=14,P9,GA_before,14,P9-T014,0.370421245421,0.633333333333,0.501877289377,0.41423992674,0.0876373626374,41.5,43.5,False,False
P9|GA_before|seed=15,P9,GA_before,15,P9-T015,0.297161172161,0.493333333333,0.395247252747,0.329856532357,0.0653907203907,60,52,False,False
P9|GA_before|seed=16,P9,GA_before,16,P9-T016,0.410256410256,0.68,0.545128205128,0.455213675214,0.0899145299145,4,31,True,False
P9|GA_before|seed=17,P9,GA_before,17,P9-T017,0.410256410256,0.68,0.545128205128,0.455213675214,0.0899145299145,5,32,True,False
P9|GA_before|seed=18,P9,GA_before,18,P9-T018,0.382783882784,0.666666666667,0.524725274725,0.430097680098,0.0946275946276,25,39,False,False
P9|GA_before|seed=19,P9,GA_before,19,P9-T019,0.391941391941,0.686666666667,0.539304029304,0.441062271062,0.0982417582418,9.5,35.5,False,False
P9|GA_before|seed=20,P9,GA_before,20,P9-T020,0.409340659341,0.673333333333,0.541336996337,0.453339438339,0.0879975579976,7,33,False,False
P9|GA_before|seed=21,P9,GA_before,21,P9-T021,0.27793040293,0.566666666667,0.422298534799,0.326053113553,0.0962454212454,53,58,False,False
P9|GA_before|seed=22,P9,GA_before,22,P9-T022,0.298992673993,0.546666666667,0.42282967033,0.340271672772,0.082557997558,52,49,False,False
P9|GA_before|seed=23,P9,GA_before,23,P9-T023,0.280677655678,0.573333333333,0.427005494505,0.329453601954,0.0975518925519,48,53,False,False
P9|GA_before|seed=24,P9,GA_before,24,P9-T019,0.391941391941,0.686666666667,0.539304029304,0.441062271062,0.0982417582418,9.5,35.5,False,False
P9|GA_before|seed=25,P9,GA_before,25,P9-T024,0.303571428571,0.56,0.431785714286,0.34630952381,0.0854761904762,47,48,False,False
P9|GA_before|seed=26,P9,GA_before,26,P9-T025,0.280677655678,0.566666666667,0.423672161172,0.328342490842,0.0953296703297,51,56,False,False
P9|GA_before|seed=27,P9,GA_before,27,P9-T026,0.309065934066,0.533333333333,0.4211996337,0.346443833944,0.0747557997558,54,47,False,False
P9|GA_before|seed=28,P9,GA_before,28,P9-T027,0.27152014652,0.566666666667,0.419093406593,0.320711233211,0.0983821733822,55,60,False,False
P9|GA_before|seed=29,P9,GA_before,29,P9-T028,0.290293040293,0.573333333333,0.431813186813,0.337466422466,0.0943467643468,46,50,False,False
P9|GA_before|seed=30,P9,GA_before,30,P9-T029,0.396978021978,0.606666666667,0.501822344322,0.431926129426,0.0698962148962,43,38,False,False
P9|GA_corrected|seed=01,P9,GA_corrected,1,P9-T030,0.460164835165,0.593333333333,0.526749084249,0.48235958486,0.0443894993895,17,2,False,True
P9|GA_corrected|seed=02,P9,GA_corrected,2,P9-T031,0.453754578755,0.573333333333,0.513543956044,0.473684371184,0.0398595848596,32,25,False,False
P9|GA_corrected|seed=03,P9,GA_corrected,3,P9-T032,0.457417582418,0.586666666667,0.522042124542,0.478959096459,0.043083028083,29,16,False,False
P9|GA_corrected|seed=04,P9,GA_corrected,4,P9-T033,0.457417582418,0.593333333333,0.525375457875,0.48007020757,0.0453052503053,21,10,False,False
P9|GA_corrected|seed=05,P9,GA_corrected,5,P9-T034,0.437728937729,0.633333333333,0.535531135531,0.47032967033,0.0652014652015,13,29,False,False
P9|GA_corrected|seed=06,P9,GA_corrected,6,P9-T035,0.43956043956,0.646666666667,0.543113553114,0.474078144078,0.0690354090354,6,24,False,False
P9|GA_corrected|seed=07,P9,GA_corrected,7,P9-T036,0.460622710623,0.586666666667,0.523644688645,0.48163003663,0.0420146520147,26,4,False,True
P9|GA_corrected|seed=08,P9,GA_corrected,8,P9-T037,0.448717948718,0.606666666667,0.527692307692,0.475042735043,0.0526495726496,15,23,False,False
P9|GA_corrected|seed=09,P9,GA_corrected,9,P9-T038,0.446886446886,0.646666666667,0.546776556777,0.480183150183,0.0665934065934,2.5,6.5,True,False
P9|GA_corrected|seed=10,P9,GA_corrected,10,P9-T030,0.460164835165,0.593333333333,0.526749084249,0.48235958486,0.0443894993895,17,2,False,True
P9|GA_corrected|seed=11,P9,GA_corrected,11,P9-T039,0.456501831502,0.593333333333,0.524917582418,0.479307081807,0.0456105006105,24,14,False,False
P9|GA_corrected|seed=12,P9,GA_corrected,12,P9-T040,0.450549450549,0.573333333333,0.511941391941,0.471013431013,0.040927960928,35,28,False,False
P9|GA_corrected|seed=13,P9,GA_corrected,13,P9-T041,0.450549450549,0.626666666667,0.538608058608,0.479902319902,0.0587057387057,11,13,False,False
P9|GA_corrected|seed=14,P9,GA_corrected,14,P9-T042,0.460164835165,0.566666666667,0.513415750916,0.477915140415,0.0355006105006,33,18,False,False
P9|GA_corrected|seed=15,P9,GA_corrected,15,P9-T030,0.460164835165,0.593333333333,0.526749084249,0.48235958486,0.0443894993895,17,2,False,True
P9|GA_corrected|seed=16,P9,GA_corrected,16,P9-T043,0.457875457875,0.566666666667,0.512271062271,0.476007326007,0.0362637362637,34,21,False,False
P9|GA_corrected|seed=17,P9,GA_corrected,17,P9-T044,0.452380952381,0.566666666667,0.509523809524,0.471428571429,0.0380952380952,37,27,False,False
P9|GA_corrected|seed=18,P9,GA_corrected,18,P9-T045,0.442307692308,0.653333333333,0.547820512821,0.477478632479,0.0703418803419,1,20,True,False
P9|GA_corrected|seed=19,P9,GA_corrected,19,P9-T046,0.457417582418,0.593333333333,0.525375457875,0.48007020757,0.0453052503053,21,10,False,False
P9|GA_corrected|seed=20,P9,GA_corrected,20,P9-T047,0.457417582418,0.593333333333,0.525375457875,0.48007020757,0.0453052503053,21,10,False,False
P9|GA_corrected|seed=21,P9,GA_corrected,21,P9-T048,0.45695970696,0.566666666667,0.511813186813,0.475244200244,0.036568986569,36,22,False,False
P9|GA_corrected|seed=22,P9,GA_corrected,22,P9-T049,0.446886446886,0.6,0.523443223443,0.472405372405,0.0510378510379,27,26,False,False
P9|GA_corrected|seed=23,P9,GA_corrected,23,P9-T050,0.460164835165,0.573333333333,0.516749084249,0.479026251526,0.0377228327228,31,15,False,False
P9|GA_corrected|seed=24,P9,GA_corrected,24,P9-T047,0.457417582418,0.593333333333,0.525375457875,0.48007020757,0.0453052503053,21,10,False,False
P9|GA_corrected|seed=25,P9,GA_corrected,25,P9-T038,0.446886446886,0.646666666667,0.546776556777,0.480183150183,0.0665934065934,2.5,6.5,True,False
P9|GA_corrected|seed=26,P9,GA_corrected,26,P9-T033,0.457417582418,0.593333333333,0.525375457875,0.48007020757,0.0453052503053,21,10,False,False
P9|GA_corrected|seed=27,P9,GA_corrected,27,P9-T051,0.450091575092,0.56,0.505045787546,0.46840964591,0.0366361416361,39,30,False,False
P9|GA_corrected|seed=28,P9,GA_corrected,28,P9-T052,0.457417582418,0.58,0.518708791209,0.477847985348,0.0408608058608,30,19,False,False
P9|GA_corrected|seed=29,P9,GA_corrected,29,P9-T053,0.446886446886,0.633333333333,0.54010989011,0.477960927961,0.062148962149,8,17,False,False
P9|GA_corrected|seed=30,P9,GA_corrected,30,P9-T054,0.460164835165,0.586666666667,0.523415750916,0.481248473748,0.0421672771673,28,5,False,True
P10|GA_before|seed=01,P10,GA_before,1,P10-T001,0.566904861987,0.639285714286,0.603095288136,0.57896833737,0.0241269507663,47,48,False,False
P10|GA_before|seed=02,P10,GA_before,2,P10-T002,0.607398066414,0.639285714286,0.62334189035,0.612712674393,0.0106292159571,12,17,False,False
P10|GA_before|seed=03,P10,GA_before,3,P10-T003,0.567325206669,0.635714285714,0.601519746192,0.57872338651,0.0227963596816,50,49,False,False
P10|GA_before|seed=04,P10,GA_before,4,P10-T004,0.553080192424,0.642857142857,0.597968667641,0.568043017497,0.0299256501442,53,56,False,False
P10|GA_before|seed=05,P10,GA_before,5,P10-T005,0.570244266966,0.578571428571,0.574407847769,0.571632127233,0.00277572053528,59,52,False,False
P10|GA_before|seed=06,P10,GA_before,6,P10-T006,0.586591004624,0.625,0.605795502312,0.592992503853,0.0128029984587,43,37,False,False
P10|GA_before|seed=07,P10,GA_before,7,P10-T007,0.622320302648,0.642857142857,0.632588722753,0.62574310935,0.00684561340299,2,2,True,True
P10|GA_before|seed=08,P10,GA_before,8,P10-T008,0.567745551352,0.635714285714,0.601729918533,0.579073673746,0.0226562447874,49,47,False,False
P10|GA_before|seed=09,P10,GA_before,9,P10-T009,0.560366166924,0.614285714286,0.587325940605,0.569352758151,0.0179731824541,54,55,False,False
P10|GA_before|seed=10,P10,GA_before,10,P10-T010,0.606557377049,0.639285714286,0.622921545667,0.612012099922,0.0109094457455,13,18,False,False
P10|GA_before|seed=11,P10,GA_before,11,P10-T011,0.56674139461,0.646428571429,0.606584983019,0.580022590747,0.0265623922728,40.5,44.5,False,False
P10|GA_before|seed=12,P10,GA_before,12,P10-T012,0.571068275986,0.625,0.598034137993,0.580056896655,0.0179772413379,52,43,False,False
P10|GA_before|seed=13,P10,GA_before,13,P10-T013,0.574868058475,0.571428571429,0.573148314952,0.57200181927,0.00114649568201,60,51,False,False
P10|GA_before|seed=14,P10,GA_before,14,P10-T014,0.580402596796,0.660714285714,0.620558441255,0.593787878282,0.0267705629727,18,32,False,False
P10|GA_before|seed=15,P10,GA_before,15,P10-T015,0.548222876092,0.660714285714,0.604468580903,0.566971444362,0.0374971365409,45,57,False,False
P10|GA_before|seed=16,P10,GA_before,16,P10-T011,0.56674139461,0.646428571429,0.606584983019,0.580022590747,0.0265623922728,40.5,44.5,False,False
P10|GA_before|seed=17,P10,GA_before,17,P10-T016,0.560202699547,0.596428571429,0.578315635488,0.566240344861,0.0120752906272,57,59,False,False
P10|GA_before|seed=18,P10,GA_before,18,P10-T017,0.566904861987,0.642857142857,0.604881002422,0.579563575465,0.0253174269568,44,46,False,False
P10|GA_before|seed=19,P10,GA_before,19,P10-T018,0.576782962029,0.657142857143,0.616962909586,0.590176277881,0.0267866317047,25,39,False,False
P10|GA_before|seed=20,P10,GA_before,20,P10-T019,0.567161739293,0.646428571429,0.606795155361,0.580372877982,0.0264222773786,39,42,False,False
P10|GA_before|seed=21,P10,GA_before,21,P10-T020,0.56062304423,0.596428571429,0.578525807829,0.566590632096,0.011935175733,56,58,False,False
P10|GA_before|seed=22,P10,GA_before,22,P10-T021,0.593316519546,0.632142857143,0.612729688344,0.599787575812,0.0129421125323,29,28,False,False
P10|GA_before|seed=23,P10,GA_before,23,P10-T022,0.550908411564,0.671428571429,0.611168491496,0.570995104875,0.0401733866215,31,53,False,False
P10|GA_before|seed=24,P10,GA_before,24,P10-T023,0.580496006726,0.660714285714,0.62060514622,0.59386571989,0.0267394263296,17,31,False,False
P10|GA_before|seed=25,P10,GA_before,25,P10-T024,0.620218579235,0.639285714286,0.62975214676,0.623396435077,0.00635571168358,4.5,7.5,True,False
P10|GA_before|seed=26,P10,GA_before,26,P10-T025,0.527399133957,0.628571428571,0.577985281264,0.544261183059,0.033724098205,58,60,False,False
P10|GA_before|seed=27,P10,GA_before,27,P10-T026,0.608659100462,0.65,0.629329550231,0.615549250385,0.0137802998459,6,15,False,False
P10|GA_before|seed=28,P10,GA_before,28,P10-T027,0.566484517304,0.639285714286,0.602885115795,0.578618050134,0.0242670656605,48,50,False,False
P10|GA_before|seed=29,P10,GA_before,29,P10-T028,0.618957545187,0.625,0.621978772594,0.619964620989,0.00201415160432,16,10,False,False
P10|GA_before|seed=30,P10,GA_before,30,P10-T029,0.577039839335,0.639285714286,0.60816277681,0.587414151827,0.0207486249836,34,41,False,False
P10|GA_corrected|seed=01,P10,GA_corrected,1,P10-T030,0.6299332119,0.610714285714,0.620323748807,0.613917440079,0.00640630872871,19,16,False,False
P10|GA_corrected|seed=02,P10,GA_corrected,2,P10-T031,0.633039092055,0.607142857143,0.620090974599,0.611458896295,0.00863207830421,20.5,19.5,False,False
P10|GA_corrected|seed=03,P10,GA_corrected,3,P10-T032,0.616692354397,0.603571428571,0.610131891484,0.605758249542,0.00437364194195,32,24,False,False
P10|GA_corrected|seed=04,P10,GA_corrected,4,P10-T033,0.630353556583,0.614285714286,0.622319635434,0.616963688002,0.00535594743245,14.5,13.5,False,False
P10|GA_corrected|seed=05,P10,GA_corrected,5,P10-T034,0.622320302648,0.635714285714,0.629017294181,0.624552633159,0.00446466102204,8,5,False,True
P10|GA_corrected|seed=06,P10,GA_corrected,6,P10-T035,0.619868291999,0.582142857143,0.601005574571,0.588430429619,0.0125751449522,51,40,False,False
P10|GA_corrected|seed=07,P10,GA_corrected,7,P10-T036,0.634720470786,0.592857142857,0.613788806822,0.599834364179,0.013954442643,28,27,False,False
P10|GA_corrected|seed=08,P10,GA_corrected,8,P10-T037,0.6299332119,0.585714285714,0.607823748807,0.593084106745,0.014739642062,36,35,False,False
P10|GA_corrected|seed=09,P10,GA_corrected,9,P10-T038,0.614590630984,0.6,0.607295315492,0.602431771831,0.00486354366136,38,26,False,False
P10|GA_corrected|seed=10,P10,GA_corrected,10,P10-T039,0.630937368642,0.582142857143,0.606540112893,0.590275275726,0.0162648371665,42,38,False,False
P10|GA_corrected|seed=11,P10,GA_corrected,11,P10-T007,0.622320302648,0.642857142857,0.632588722753,0.62574310935,0.00684561340299,2,2,True,True
P10|GA_corrected|seed=12,P10,GA_corrected,12,P10-T040,0.632618747373,0.585714285714,0.609166516544,0.593531695991,0.0156348205529,33,33,False,False
P10|GA_corrected|seed=13,P10,GA_corrected,13,P10-T041,0.622320302648,0.635714285714,0.629017294181,0.624552633159,0.00446466102204,8,5,False,True
P10|GA_corrected|seed=14,P10,GA_corrected,14,P10-T042,0.630353556583,0.603571428571,0.616962492577,0.608035116573,0.00892737600388,26,23,False,False
P10|GA_corrected|seed=15,P10,GA_corrected,15,P10-T043,0.631357713325,0.592857142857,0.612107428091,0.599273904602,0.0128335234893,30,29,False,False
P10|GA_corrected|seed=16,P10,GA_corrected,16,P10-T044,0.618537200504,0.621428571429,0.619982885966,0.619019095658,0.000963790308053,22,12,False,False
P10|GA_corrected|seed=17,P10,GA_corrected,17,P10-T045,0.630353556583,0.614285714286,0.622319635434,0.616963688002,0.00535594743245,14.5,13.5,False,False
P10|GA_corrected|seed=18,P10,GA_corrected,18,P10-T046,0.6299332119,0.585714285714,0.607823748807,0.593084106745,0.014739642062,36,35,False,False
P10|GA_corrected|seed=19,P10,GA_corrected,19,P10-T046,0.6299332119,0.585714285714,0.607823748807,0.593084106745,0.014739642062,36,35,False,False
P10|GA_corrected|seed=20,P10,GA_corrected,20,P10-T047,0.6299332119,0.607142857143,0.618538034522,0.610941249602,0.00759678491919,24,21,False,False
P10|GA_corrected|seed=21,P10,GA_corrected,21,P10-T041,0.622320302648,0.635714285714,0.629017294181,0.624552633159,0.00446466102204,8,5,False,False
P10|GA_corrected|seed=22,P10,GA_corrected,22,P10-T007,0.622320302648,0.642857142857,0.632588722753,0.62574310935,0.00684561340299,2,2,True,True
P10|GA_corrected|seed=23,P10,GA_corrected,23,P10-T048,0.635140815469,0.603571428571,0.61935612202,0.608832993054,0.0105231289658,23,22,False,False
P10|GA_corrected|seed=24,P10,GA_corrected,24,P10-T049,0.6299332119,0.617857142857,0.623895177379,0.619869821031,0.00402535634776,11,11,False,False
P10|GA_corrected|seed=25,P10,GA_corrected,25,P10-T050,0.620218579235,0.639285714286,0.62975214676,0.623396435077,0.00635571168358,4.5,7.5,True,False
P10|GA_corrected|seed=26,P10,GA_corrected,26,P10-T051,0.620218579235,0.632142857143,0.626180718189,0.622205958886,0.00397475930263,10,9,False,False
P10|GA_corrected|seed=27,P10,GA_corrected,27,P10-T052,0.633039092055,0.607142857143,0.620090974599,0.611458896295,0.00863207830421,20.5,19.5,False,False
P10|GA_corrected|seed=28,P10,GA_corrected,28,P10-T053,0.600672551492,0.564285714286,0.582479132889,0.570350187153,0.0121289457355,55,54,False,False
P10|GA_corrected|seed=29,P10,GA_corrected,29,P10-T054,0.632618747373,0.6,0.616309373686,0.605436457895,0.0108729157909,27,25,False,False
P10|GA_corrected|seed=30,P10,GA_corrected,30,P10-T055,0.618186913269,0.589285714286,0.603736313777,0.594102580783,0.00963373299439,46,30,False,False
P11|GA_before|seed=01,P11,GA_before,1,P11-T001,0.385897435897,0.544444444444,0.465170940171,0.412321937322,0.052849002849,57,49,False,False
P11|GA_before|seed=02,P11,GA_before,2,P11-T002,0.384615384615,0.619444444444,0.50202991453,0.423753561254,0.0782763532764,45.5,43.5,False,False
P11|GA_before|seed=03,P11,GA_before,3,P11-T003,0.359615384615,0.588888888889,0.474252136752,0.397827635328,0.0764245014245,55,56,False,False
P11|GA_before|seed=04,P11,GA_before,4,P11-T004,0.397435897436,0.647222222222,0.522329059829,0.439066951567,0.0832621082621,23,38,False,False
P11|GA_before|seed=05,P11,GA_before,5,P11-T005,0.412820512821,0.65,0.53141025641,0.45235042735,0.0790598290598,18.5,32.5,False,False
P11|GA_before|seed=06,P11,GA_before,6,P11-T006,0.394871794872,0.594444444444,0.494658119658,0.428133903134,0.0665242165242,47,41,False,False
P11|GA_before|seed=07,P11,GA_before,7,P11-T007,0.360256410256,0.569444444444,0.46485042735,0.395121082621,0.0697293447293,58,57,False,False
P11|GA_before|seed=08,P11,GA_before,8,P11-T008,0.409615384615,0.647222222222,0.528418803419,0.449216524217,0.0792022792023,21,34,False,False
P11|GA_before|seed=09,P11,GA_before,9,P11-T009,0.412820512821,0.65,0.53141025641,0.45235042735,0.0790598290598,18.5,32.5,False,False
P11|GA_before|seed=10,P11,GA_before,10,P11-T010,0.372435897436,0.6,0.486217948718,0.410363247863,0.0758547008547,49,51,False,False
P11|GA_before|seed=11,P11,GA_before,11,P11-T011,0.384615384615,0.619444444444,0.50202991453,0.423753561254,0.0782763532764,45.5,43.5,False,False
P11|GA_before|seed=12,P11,GA_before,12,P11-T012,0.373717948718,0.586111111111,0.479914529915,0.409116809117,0.0707977207977,52,52,False,False
P11|GA_before|seed=13,P11,GA_before,13,P11-T013,0.373076923077,0.608333333333,0.490705128205,0.412286324786,0.0784188034188,48,50,False,False
P11|GA_before|seed=14,P11,GA_before,14,P11-T014,0.410256410256,0.608333333333,0.509294871795,0.443269230769,0.0660256410256,39,36,False,False
P11|GA_before|seed=15,P11,GA_before,15,P11-T015,0.373717948718,0.641666666667,0.507692307692,0.418376068376,0.0893162393162,41,48,False,False
P11|GA_before|seed=16,P11,GA_before,16,P11-T016,0.399358974359,0.619444444444,0.509401709402,0.43603988604,0.0733618233618,38,40,False,False
P11|GA_before|seed=17,P11,GA_before,17,P11-T017,0.438461538462,0.583333333333,0.510897435897,0.462606837607,0.0482905982906,36,31,False,False
P11|GA_before|seed=18,P11,GA_before,18,P11-T018,0.373717948718,0.652777777778,0.513247863248,0.420227920228,0.0930199430199,34,45,False,False
P11|GA_before|seed=19,P11,GA_before,19,P11-T019,0.371794871795,0.591666666667,0.481730769231,0.40844017094,0.0732905982906,51,53,False,False
P11|GA_before|seed=20,P11,GA_before,20,P11-T020,0.397435897436,0.638888888889,0.518162393162,0.437678062678,0.0804843304843,30,39,False,False
P11|GA_before|seed=21,P11,GA_before,21,P11-T021,0.373717948718,0.644444444444,0.509081196581,0.418839031339,0.0902421652422,40,47,False,False
P11|GA_before|seed=22,P11,GA_before,22,P11-T022,0.346794871795,0.555555555556,0.451175213675,0.381588319088,0.0695868945869,60,60,False,False
P11|GA_before|seed=23,P11,GA_before,23,P11-T023,0.372435897436,0.652777777778,0.512606837607,0.41915954416,0.0934472934473,35,46,False,False
P11|GA_before|seed=24,P11,GA_before,24,P11-T024,0.348076923077,0.602777777778,0.475427350427,0.390527065527,0.0849002849003,54,59,False,False
P11|GA_before|seed=25,P11,GA_before,25,P11-T025,0.373076923077,0.580555555556,0.476816239316,0.407656695157,0.0691595441595,53,54,False,False
P11|GA_before|seed=26,P11,GA_before,26,P11-T026,0.408974358974,0.65,0.529487179487,0.449145299145,0.0803418803419,20,35,False,False
P11|GA_before|seed=27,P11,GA_before,27,P11-T027,0.399358974359,0.644444444444,0.521901709402,0.440206552707,0.0816951566952,24,37,False,False
P11|GA_before|seed=28,P11,GA_before,28,P11-T028,0.397435897436,0.572222222222,0.484829059829,0.426566951567,0.0582621082621,50,42,False,False
P11|GA_before|seed=29,P11,GA_before,29,P11-T029,0.373076923077,0.575,0.474038461538,0.406730769231,0.0673076923077,56,55,False,False
P11|GA_before|seed=30,P11,GA_before,30,P11-T030,0.360256410256,0.552777777778,0.456517094017,0.392343304843,0.0641737891738,59,58,False,False
P11|GA_corrected|seed=01,P11,GA_corrected,1,P11-T031,0.453205128205,0.627777777778,0.540491452991,0.482300569801,0.0581908831909,4,3,True,True
P11|GA_corrected|seed=02,P11,GA_corrected,2,P11-T032,0.435897435897,0.627777777778,0.531837606838,0.467877492877,0.0639601139601,16,30,False,False
P11|GA_corrected|seed=03,P11,GA_corrected,3,P11-T033,0.451923076923,0.561111111111,0.506517094017,0.470121082621,0.036396011396,42,24,False,False
P11|GA_corrected|seed=04,P11,GA_corrected,4,P11-T034,0.453205128205,0.627777777778,0.540491452991,0.482300569801,0.0581908831909,4,3,True,True
P11|GA_corrected|seed=05,P11,GA_corrected,5,P11-T035,0.453846153846,0.558333333333,0.50608974359,0.471260683761,0.0348290598291,43,22,False,False
P11|GA_corrected|seed=06,P11,GA_corrected,6,P11-T034,0.453205128205,0.627777777778,0.540491452991,0.482300569801,0.0581908831909,4,3,True,True
P11|GA_corrected|seed=07,P11,GA_corrected,7,P11-T036,0.452564102564,0.580555555556,0.51655982906,0.473896011396,0.0426638176638,31,17,False,False
P11|GA_corrected|seed=08,P11,GA_corrected,8,P11-T037,0.436538461538,0.633333333333,0.534935897436,0.469337606838,0.0655982905983,12,28,False,False
P11|GA_corrected|seed=09,P11,GA_corrected,9,P11-T038,0.451282051282,0.622222222222,0.536752136752,0.479772079772,0.0569800569801,9,11,False,False
P11|GA_corrected|seed=10,P11,GA_corrected,10,P11-T039,0.451923076923,0.591666666667,0.521794871795,0.475213675214,0.0465811965812,25,14,False,False
P11|GA_corrected|seed=11,P11,GA_corrected,11,P11-T040,0.451282051282,0.569444444444,0.510363247863,0.470975783476,0.0393874643875,37,23,False,False
P11|GA_corrected|seed=12,P11,GA_corrected,12,P11-T041,0.451282051282,0.630555555556,0.540918803419,0.481160968661,0.0597578347578,1,8,True,False
P11|GA_corrected|seed=13,P11,GA_corrected,13,P11-T042,0.451923076923,0.586111111111,0.519017094017,0.474287749288,0.0447293447293,27,16,False,False
P11|GA_corrected|seed=14,P11,GA_corrected,14,P11-T043,0.451923076923,0.577777777778,0.51485042735,0.472898860399,0.0419515669516,32,20,False,False
P11|GA_corrected|seed=15,P11,GA_corrected,15,P11-T044,0.437820512821,0.627777777778,0.532799145299,0.46948005698,0.0633190883191,15,27,False,False
P11|GA_corrected|seed=16,P11,GA_corrected,16,P11-T045,0.451282051282,0.586111111111,0.518696581197,0.473753561254,0.044943019943,28.5,18,False,False
P11|GA_corrected|seed=17,P11,GA_corrected,17,P11-T046,0.453205128205,0.619444444444,0.536324786325,0.480911680912,0.0554131054131,10.5,9.5,False,False
P11|GA_corrected|seed=18,P11,GA_corrected,18,P11-T047,0.451923076923,0.611111111111,0.531517094017,0.478454415954,0.0530626780627,17,12,False,False
P11|GA_corrected|seed=19,P11,GA_corrected,19,P11-T048,0.453205128205,0.622222222222,0.537713675214,0.481374643875,0.056339031339,7.5,6.5,False,False
P11|GA_corrected|seed=20,P11,GA_corrected,20,P11-T049,0.453205128205,0.552777777778,0.502991452991,0.469800569801,0.0331908831909,44,26,False,False
P11|GA_corrected|seed=21,P11,GA_corrected,21,P11-T050,0.437820512821,0.630555555556,0.534188034188,0.469943019943,0.064245014245,14,25,False,False
P11|GA_corrected|seed=22,P11,GA_corrected,22,P11-T034,0.453205128205,0.627777777778,0.540491452991,0.482300569801,0.0581908831909,4,3,True,True
P11|GA_corrected|seed=23,P11,GA_corrected,23,P11-T051,0.451923076923,0.594444444444,0.523183760684,0.475676638177,0.0475071225071,22,13,False,False
P11|GA_corrected|seed=24,P11,GA_corrected,24,P11-T034,0.453205128205,0.627777777778,0.540491452991,0.482300569801,0.0581908831909,4,3,False,True
P11|GA_corrected|seed=25,P11,GA_corrected,25,P11-T052,0.453205128205,0.619444444444,0.536324786325,0.480911680912,0.0554131054131,10.5,9.5,False,False
P11|GA_corrected|seed=26,P11,GA_corrected,26,P11-T053,0.435897435897,0.633333333333,0.534615384615,0.468803418803,0.065811965812,13,29,False,False
P11|GA_corrected|seed=27,P11,GA_corrected,27,P11-T048,0.453205128205,0.622222222222,0.537713675214,0.481374643875,0.056339031339,7.5,6.5,False,False
P11|GA_corrected|seed=28,P11,GA_corrected,28,P11-T054,0.451282051282,0.586111111111,0.518696581197,0.473753561254,0.044943019943,28.5,19,False,False
P11|GA_corrected|seed=29,P11,GA_corrected,29,P11-T055,0.451923076923,0.575,0.513461538462,0.472435897436,0.0410256410256,33,21,False,False
P11|GA_corrected|seed=30,P11,GA_corrected,30,P11-T056,0.451923076923,0.588888888889,0.520405982906,0.474750712251,0.0456552706553,26,15,False,False
P12|GA_before|seed=01,P12,GA_before,1,P12-T001,0.308974358974,0.7,0.504487179487,0.374145299145,0.130341880342,34,52,False,False
P12|GA_before|seed=02,P12,GA_before,2,P12-T002,0.281196581197,0.633333333333,0.457264957265,0.339886039886,0.117378917379,56,59,False,False
P12|GA_before|seed=03,P12,GA_before,3,P12-T003,0.355555555556,0.616666666667,0.486111111111,0.399074074074,0.087037037037,52,46,False,False
P12|GA_before|seed=04,P12,GA_before,4,P12-T004,0.355555555556,0.633333333333,0.494444444444,0.401851851852,0.0925925925926,45,40,False,False
P12|GA_before|seed=05,P12,GA_before,5,P12-T004,0.355555555556,0.633333333333,0.494444444444,0.401851851852,0.0925925925926,45,40,False,False
P12|GA_before|seed=06,P12,GA_before,6,P12-T004,0.355555555556,0.633333333333,0.494444444444,0.401851851852,0.0925925925926,45,40,False,False
P12|GA_before|seed=07,P12,GA_before,7,P12-T005,0.310683760684,0.566666666667,0.438675213675,0.353347578348,0.0853276353276,60,58,False,False
P12|GA_before|seed=08,P12,GA_before,8,P12-T004,0.355555555556,0.633333333333,0.494444444444,0.401851851852,0.0925925925926,45,40,False,False
P12|GA_before|seed=09,P12,GA_before,9,P12-T006,0.331196581197,0.666666666667,0.498931623932,0.387108262108,0.111823361823,38,50,False,False
P12|GA_before|seed=10,P12,GA_before,10,P12-T003,0.355555555556,0.616666666667,0.486111111111,0.399074074074,0.087037037037,52,46,False,False
P12|GA_before|seed=11,P12,GA_before,11,P12-T007,0.346581196581,0.566666666667,0.456623931624,0.383262108262,0.0733618233618,57,51,False,False
P12|GA_before|seed=12,P12,GA_before,12,P12-T004,0.355555555556,0.633333333333,0.494444444444,0.401851851852,0.0925925925926,45,40,False,False
P12|GA_before|seed=13,P12,GA_before,13,P12-T003,0.355555555556,0.616666666667,0.486111111111,0.399074074074,0.087037037037,52,46,False,False
P12|GA_before|seed=14,P12,GA_before,14,P12-T008,0.369230769231,0.7,0.534615384615,0.424358974359,0.110256410256,30.5,33.5,False,False
P12|GA_before|seed=15,P12,GA_before,15,P12-T008,0.369230769231,0.7,0.534615384615,0.424358974359,0.110256410256,30.5,33.5,False,False
P12|GA_before|seed=16,P12,GA_before,16,P12-T009,0.334615384615,0.666666666667,0.500641025641,0.389957264957,0.110683760684,37,48,False,False
P12|GA_before|seed=17,P12,GA_before,17,P12-T010,0.30641025641,0.7,0.503205128205,0.372008547009,0.131196581197,36,54,False,False
P12|GA_before|seed=18,P12,GA_before,18,P12-T008,0.369230769231,0.7,0.534615384615,0.424358974359,0.110256410256,30.5,33.5,False,False
P12|GA_before|seed=19,P12,GA_before,19,P12-T004,0.355555555556,0.633333333333,0.494444444444,0.401851851852,0.0925925925926,45,40,False,False
P12|GA_before|seed=20,P12,GA_before,20,P12-T004,0.355555555556,0.633333333333,0.494444444444,0.401851851852,0.0925925925926,45,40,False,False
P12|GA_before|seed=21,P12,GA_before,21,P12-T011,0.30811965812,0.683333333333,0.495726495726,0.370655270655,0.125071225071,40,55,False,False
P12|GA_before|seed=22,P12,GA_before,22,P12-T008,0.369230769231,0.7,0.534615384615,0.424358974359,0.110256410256,30.5,33.5,False,False
P12|GA_before|seed=23,P12,GA_before,23,P12-T012,0.315811965812,0.566666666667,0.441239316239,0.357621082621,0.0836182336182,59,56,False,False
P12|GA_before|seed=24,P12,GA_before,24,P12-T013,0.311965811966,0.583333333333,0.44764957265,0.357193732194,0.0904558404558,58,57,False,False
P12|GA_before|seed=25,P12,GA_before,25,P12-T014,0.263247863248,0.7,0.481623931624,0.33603988604,0.145584045584,54,60,False,False
P12|GA_before|seed=26,P12,GA_before,26,P12-T015,0.334615384615,0.65,0.492307692308,0.387179487179,0.105128205128,50,49,False,False
P12|GA_before|seed=27,P12,GA_before,27,P12-T016,0.455128205128,0.65,0.552564102564,0.487606837607,0.0649572649573,7.5,7.5,True,True
P12|GA_before|seed=28,P12,GA_before,28,P12-T017,0.30811965812,0.7,0.50405982906,0.373433048433,0.130626780627,35,53,False,False
P12|GA_before|seed=29,P12,GA_before,29,P12-T004,0.355555555556,0.633333333333,0.494444444444,0.401851851852,0.0925925925926,45,40,False,False
P12|GA_before|seed=30,P12,GA_before,30,P12-T004,0.355555555556,0.633333333333,0.494444444444,0.401851851852,0.0925925925926,45,40,False,False
P12|GA_corrected|seed=01,P12,GA_corrected,1,P12-T018,0.45641025641,0.6,0.528205128205,0.480341880342,0.0478632478632,33,29,False,False
P12|GA_corrected|seed=02,P12,GA_corrected,2,P12-T016,0.455128205128,0.65,0.552564102564,0.487606837607,0.0649572649573,7.5,7.5,True,True
P12|GA_corrected|seed=03,P12,GA_corrected,3,P12-T019,0.45641025641,0.633333333333,0.544871794872,0.485897435897,0.0589743589744,20,20,False,False
P12|GA_corrected|seed=04,P12,GA_corrected,4,P12-T020,0.453846153846,0.633333333333,0.54358974359,0.483760683761,0.0598290598291,26.5,26.5,False,False
P12|GA_corrected|seed=05,P12,GA_corrected,5,P12-T021,0.45641025641,0.633333333333,0.544871794872,0.485897435897,0.0589743589744,20,20,False,False
P12|GA_corrected|seed=06,P12,GA_corrected,6,P12-T016,0.455128205128,0.65,0.552564102564,0.487606837607,0.0649572649573,7.5,7.5,True,True
P12|GA_corrected|seed=07,P12,GA_corrected,7,P12-T022,0.396153846154,0.6,0.498076923077,0.430128205128,0.0679487179487,39,31,False,False
P12|GA_corrected|seed=08,P12,GA_corrected,8,P12-T023,0.453846153846,0.633333333333,0.54358974359,0.483760683761,0.0598290598291,26.5,26.5,False,False
P12|GA_corrected|seed=09,P12,GA_corrected,9,P12-T016,0.455128205128,0.65,0.552564102564,0.487606837607,0.0649572649573,7.5,7.5,True,True
P12|GA_corrected|seed=10,P12,GA_corrected,10,P12-T016,0.455128205128,0.65,0.552564102564,0.487606837607,0.0649572649573,7.5,7.5,True,True
P12|GA_corrected|seed=11,P12,GA_corrected,11,P12-T024,0.453846153846,0.483333333333,0.46858974359,0.458760683761,0.00982905982906,55,30,False,False
P12|GA_corrected|seed=12,P12,GA_corrected,12,P12-T016,0.455128205128,0.65,0.552564102564,0.487606837607,0.0649572649573,7.5,7.5,False,False
P12|GA_corrected|seed=13,P12,GA_corrected,13,P12-T025,0.45641025641,0.633333333333,0.544871794872,0.485897435897,0.0589743589744,20,20,False,False
P12|GA_corrected|seed=14,P12,GA_corrected,14,P12-T016,0.455128205128,0.65,0.552564102564,0.487606837607,0.0649572649573,7.5,7.5,False,False
P12|GA_corrected|seed=15,P12,GA_corrected,15,P12-T016,0.455128205128,0.65,0.552564102564,0.487606837607,0.0649572649573,7.5,7.5,False,False
P12|GA_corrected|seed=16,P12,GA_corrected,16,P12-T025,0.45641025641,0.633333333333,0.544871794872,0.485897435897,0.0589743589744,20,20,False,False
P12|GA_corrected|seed=17,P12,GA_corrected,17,P12-T016,0.455128205128,0.65,0.552564102564,0.487606837607,0.0649572649573,7.5,7.5,False,False
P12|GA_corrected|seed=18,P12,GA_corrected,18,P12-T016,0.455128205128,0.65,0.552564102564,0.487606837607,0.0649572649573,7.5,7.5,False,False
P12|GA_corrected|seed=19,P12,GA_corrected,19,P12-T026,0.45641025641,0.633333333333,0.544871794872,0.485897435897,0.0589743589744,20,20,False,False
P12|GA_corrected|seed=20,P12,GA_corrected,20,P12-T021,0.45641025641,0.633333333333,0.544871794872,0.485897435897,0.0589743589744,20,20,False,False
P12|GA_corrected|seed=21,P12,GA_corrected,21,P12-T027,0.455128205128,0.616666666667,0.535897435897,0.482051282051,0.0538461538462,28,28,False,False
P12|GA_corrected|seed=22,P12,GA_corrected,22,P12-T021,0.45641025641,0.633333333333,0.544871794872,0.485897435897,0.0589743589744,20,20,False,False
P12|GA_corrected|seed=23,P12,GA_corrected,23,P12-T016,0.455128205128,0.65,0.552564102564,0.487606837607,0.0649572649573,7.5,7.5,False,False
P12|GA_corrected|seed=24,P12,GA_corrected,24,P12-T026,0.45641025641,0.633333333333,0.544871794872,0.485897435897,0.0589743589744,20,20,False,False
P12|GA_corrected|seed=25,P12,GA_corrected,25,P12-T016,0.455128205128,0.65,0.552564102564,0.487606837607,0.0649572649573,7.5,7.5,False,False
P12|GA_corrected|seed=26,P12,GA_corrected,26,P12-T026,0.45641025641,0.633333333333,0.544871794872,0.485897435897,0.0589743589744,20,20,False,False
P12|GA_corrected|seed=27,P12,GA_corrected,27,P12-T016,0.455128205128,0.65,0.552564102564,0.487606837607,0.0649572649573,7.5,7.5,False,False
P12|GA_corrected|seed=28,P12,GA_corrected,28,P12-T028,0.45641025641,0.633333333333,0.544871794872,0.485897435897,0.0589743589744,20,20,False,False
P12|GA_corrected|seed=29,P12,GA_corrected,29,P12-T016,0.455128205128,0.65,0.552564102564,0.487606837607,0.0649572649573,7.5,7.5,False,False
P12|GA_corrected|seed=30,P12,GA_corrected,30,P12-T019,0.45641025641,0.633333333333,0.544871794872,0.485897435897,0.0589743589744,20,20,False,False
P13|GA_before|seed=01,P13,GA_before,1,P13-T001,0.967032967033,0.7,0.833516483516,0.744505494505,0.089010989011,13,13,True,True
P13|GA_before|seed=02,P13,GA_before,2,P13-T001,0.967032967033,0.7,0.833516483516,0.744505494505,0.089010989011,13,13,True,True
P13|GA_before|seed=03,P13,GA_before,3,P13-T002,0.946581196581,0.7,0.823290598291,0.741096866097,0.0821937321937,36,35,False,False
P13|GA_before|seed=04,P13,GA_before,4,P13-T003,0.910866910867,0.7,0.805433455433,0.735144485144,0.070288970289,53,51,False,False
P13|GA_before|seed=05,P13,GA_before,5,P13-T001,0.967032967033,0.7,0.833516483516,0.744505494505,0.089010989011,13,13,True,True
P13|GA_before|seed=06,P13,GA_before,6,P13-T004,0.946581196581,0.683333333333,0.814957264957,0.727207977208,0.0877492877493,50,60,False,False
P13|GA_before|seed=07,P13,GA_before,7,P13-T005,0.946581196581,0.7,0.823290598291,0.741096866097,0.0821937321937,36,35,False,False
P13|GA_before|seed=08,P13,GA_before,8,P13-T006,0.93956043956,0.7,0.81978021978,0.739926739927,0.0798534798535,46.5,45.5,False,False
P13|GA_before|seed=09,P13,GA_before,9,P13-T007,0.946581196581,0.7,0.823290598291,0.741096866097,0.0821937321937,36,35,False,False
P13|GA_before|seed=10,P13,GA_before,10,P13-T002,0.946581196581,0.7,0.823290598291,0.741096866097,0.0821937321937,36,35,False,False
P13|GA_before|seed=11,P13,GA_before,11,P13-T008,0.907509157509,0.7,0.803754578755,0.734584859585,0.0691697191697,58,56,False,False
P13|GA_before|seed=12,P13,GA_before,12,P13-T001,0.967032967033,0.7,0.833516483516,0.744505494505,0.089010989011,13,13,True,True
P13|GA_before|seed=13,P13,GA_before,13,P13-T009,0.910866910867,0.7,0.805433455433,0.735144485144,0.070288970289,53,51,False,False
P13|GA_before|seed=14,P13,GA_before,14,P13-T001,0.967032967033,0.7,0.833516483516,0.744505494505,0.089010989011,13,13,True,True
P13|GA_before|seed=15,P13,GA_before,15,P13-T005,0.946581196581,0.7,0.823290598291,0.741096866097,0.0821937321937,36,35,False,False
P13|GA_before|seed=16,P13,GA_before,16,P13-T005,0.946581196581,0.7,0.823290598291,0.741096866097,0.0821937321937,36,35,False,False
P13|GA_before|seed=17,P13,GA_before,17,P13-T008,0.907509157509,0.7,0.803754578755,0.734584859585,0.0691697191697,58,56,False,False
P13|GA_before|seed=18,P13,GA_before,18,P13-T010,0.946581196581,0.7,0.823290598291,0.741096866097,0.0821937321937,36,35,False,False
P13|GA_before|seed=19,P13,GA_before,19,P13-T011,0.946581196581,0.7,0.823290598291,0.741096866097,0.0821937321937,36,35,False,False
P13|GA_before|seed=20,P13,GA_before,20,P13-T001,0.967032967033,0.7,0.833516483516,0.744505494505,0.089010989011,13,13,False,False
P13|GA_before|seed=21,P13,GA_before,21,P13-T012,0.910866910867,0.7,0.805433455433,0.735144485144,0.070288970289,53,51,False,False
P13|GA_before|seed=22,P13,GA_before,22,P13-T013,0.946581196581,0.7,0.823290598291,0.741096866097,0.0821937321937,36,35,False,False
P13|GA_before|seed=23,P13,GA_before,23,P13-T007,0.946581196581,0.7,0.823290598291,0.741096866097,0.0821937321937,36,35,False,False
P13|GA_before|seed=24,P13,GA_before,24,P13-T003,0.910866910867,0.7,0.805433455433,0.735144485144,0.070288970289,53,51,False,False
P13|GA_before|seed=25,P13,GA_before,25,P13-T014,0.910866910867,0.7,0.805433455433,0.735144485144,0.070288970289,53,51,False,False
P13|GA_before|seed=26,P13,GA_before,26,P13-T008,0.907509157509,0.7,0.803754578755,0.734584859585,0.0691697191697,58,56,False,False
P13|GA_before|seed=27,P13,GA_before,27,P13-T006,0.93956043956,0.7,0.81978021978,0.739926739927,0.0798534798535,46.5,45.5,False,False
P13|GA_before|seed=28,P13,GA_before,28,P13-T005,0.946581196581,0.7,0.823290598291,0.741096866097,0.0821937321937,36,35,False,False
P13|GA_before|seed=29,P13,GA_before,29,P13-T008,0.907509157509,0.7,0.803754578755,0.734584859585,0.0691697191697,58,56,False,False
P13|GA_before|seed=30,P13,GA_before,30,P13-T008,0.907509157509,0.7,0.803754578755,0.734584859585,0.0691697191697,58,56,False,False
P13|GA_corrected|seed=01,P13,GA_corrected,1,P13-T001,0.967032967033,0.7,0.833516483516,0.744505494505,0.089010989011,13,13,False,False
P13|GA_corrected|seed=02,P13,GA_corrected,2,P13-T007,0.946581196581,0.7,0.823290598291,0.741096866097,0.0821937321937,36,35,False,False
P13|GA_corrected|seed=03,P13,GA_corrected,3,P13-T001,0.967032967033,0.7,0.833516483516,0.744505494505,0.089010989011,13,13,False,False
P13|GA_corrected|seed=04,P13,GA_corrected,4,P13-T001,0.967032967033,0.7,0.833516483516,0.744505494505,0.089010989011,13,13,False,False
P13|GA_corrected|seed=05,P13,GA_corrected,5,P13-T001,0.967032967033,0.7,0.833516483516,0.744505494505,0.089010989011,13,13,False,False
P13|GA_corrected|seed=06,P13,GA_corrected,6,P13-T013,0.946581196581,0.7,0.823290598291,0.741096866097,0.0821937321937,36,35,False,False
P13|GA_corrected|seed=07,P13,GA_corrected,7,P13-T001,0.967032967033,0.7,0.833516483516,0.744505494505,0.089010989011,13,13,False,False
P13|GA_corrected|seed=08,P13,GA_corrected,8,P13-T001,0.967032967033,0.7,0.833516483516,0.744505494505,0.089010989011,13,13,False,False
P13|GA_corrected|seed=09,P13,GA_corrected,9,P13-T001,0.967032967033,0.7,0.833516483516,0.744505494505,0.089010989011,13,13,False,False
P13|GA_corrected|seed=10,P13,GA_corrected,10,P13-T015,0.933760683761,0.7,0.81688034188,0.73896011396,0.0779202279202,48.5,47.5,False,False
P13|GA_corrected|seed=11,P13,GA_corrected,11,P13-T016,0.967032967033,0.683333333333,0.825183150183,0.730616605617,0.0945665445665,26,59,False,False
P13|GA_corrected|seed=12,P13,GA_corrected,12,P13-T001,0.967032967033,0.7,0.833516483516,0.744505494505,0.089010989011,13,13,False,False
P13|GA_corrected|seed=13,P13,GA_corrected,13,P13-T007,0.946581196581,0.7,0.823290598291,0.741096866097,0.0821937321937,36,35,False,False
P13|GA_corrected|seed=14,P13,GA_corrected,14,P13-T007,0.946581196581,0.7,0.823290598291,0.741096866097,0.0821937321937,36,35,False,False
P13|GA_corrected|seed=15,P13,GA_corrected,15,P13-T001,0.967032967033,0.7,0.833516483516,0.744505494505,0.089010989011,13,13,False,False
P13|GA_corrected|seed=16,P13,GA_corrected,16,P13-T001,0.967032967033,0.7,0.833516483516,0.744505494505,0.089010989011,13,13,False,False
P13|GA_corrected|seed=17,P13,GA_corrected,17,P13-T002,0.946581196581,0.7,0.823290598291,0.741096866097,0.0821937321937,36,35,False,False
P13|GA_corrected|seed=18,P13,GA_corrected,18,P13-T005,0.946581196581,0.7,0.823290598291,0.741096866097,0.0821937321937,36,35,False,False
P13|GA_corrected|seed=19,P13,GA_corrected,19,P13-T001,0.967032967033,0.7,0.833516483516,0.744505494505,0.089010989011,13,13,False,False
P13|GA_corrected|seed=20,P13,GA_corrected,20,P13-T001,0.967032967033,0.7,0.833516483516,0.744505494505,0.089010989011,13,13,False,False
P13|GA_corrected|seed=21,P13,GA_corrected,21,P13-T007,0.946581196581,0.7,0.823290598291,0.741096866097,0.0821937321937,36,35,False,False
P13|GA_corrected|seed=22,P13,GA_corrected,22,P13-T001,0.967032967033,0.7,0.833516483516,0.744505494505,0.089010989011,13,13,False,False
P13|GA_corrected|seed=23,P13,GA_corrected,23,P13-T001,0.967032967033,0.7,0.833516483516,0.744505494505,0.089010989011,13,13,False,False
P13|GA_corrected|seed=24,P13,GA_corrected,24,P13-T011,0.946581196581,0.7,0.823290598291,0.741096866097,0.0821937321937,36,35,False,False
P13|GA_corrected|seed=25,P13,GA_corrected,25,P13-T017,0.933760683761,0.7,0.81688034188,0.73896011396,0.0779202279202,48.5,47.5,False,False
P13|GA_corrected|seed=26,P13,GA_corrected,26,P13-T001,0.967032967033,0.7,0.833516483516,0.744505494505,0.089010989011,13,13,False,False
P13|GA_corrected|seed=27,P13,GA_corrected,27,P13-T001,0.967032967033,0.7,0.833516483516,0.744505494505,0.089010989011,13,13,False,False
P13|GA_corrected|seed=28,P13,GA_corrected,28,P13-T001,0.967032967033,0.7,0.833516483516,0.744505494505,0.089010989011,13,13,False,False
P13|GA_corrected|seed=29,P13,GA_corrected,29,P13-T001,0.967032967033,0.7,0.833516483516,0.744505494505,0.089010989011,13,13,False,False
P13|GA_corrected|seed=30,P13,GA_corrected,30,P13-T001,0.967032967033,0.7,0.833516483516,0.744505494505,0.089010989011,13,13,False,False
P14|GA_before|seed=01,P14,GA_before,1,P14-T001,0.967032967033,0.7,0.833516483516,0.744505494505,0.089010989011,6,6,True,True
P14|GA_before|seed=02,P14,GA_before,2,P14-T002,0.852360602361,0.7,0.77618030118,0.725393433727,0.0507868674535,40,37,False,False
P14|GA_before|seed=03,P14,GA_before,3,P14-T003,0.832722832723,0.7,0.766361416361,0.72212047212,0.0442409442409,46.5,43.5,False,False
P14|GA_before|seed=04,P14,GA_before,4,P14-T004,0.832722832723,0.7,0.766361416361,0.72212047212,0.0442409442409,46.5,43.5,False,False
P14|GA_before|seed=05,P14,GA_before,5,P14-T005,0.777472527473,0.683333333333,0.730402930403,0.699023199023,0.0313797313797,59,59,False,False
P14|GA_before|seed=06,P14,GA_before,6,P14-T006,0.832722832723,0.683333333333,0.758028083028,0.708231583232,0.0497964997965,53,51,False,False
P14|GA_before|seed=07,P14,GA_before,7,P14-T007,0.832722832723,0.7,0.766361416361,0.72212047212,0.0442409442409,46.5,43.5,False,False
P14|GA_before|seed=08,P14,GA_before,8,P14-T008,0.689865689866,0.683333333333,0.6865995116,0.684422059422,0.00217745217745,60,60,False,False
P14|GA_before|seed=09,P14,GA_before,9,P14-T009,0.952380952381,0.7,0.82619047619,0.742063492063,0.084126984127,21,21,False,False
P14|GA_before|seed=10,P14,GA_before,10,P14-T004,0.832722832723,0.7,0.766361416361,0.72212047212,0.0442409442409,46.5,43.5,False,False
P14|GA_before|seed=11,P14,GA_before,11,P14-T010,0.807387057387,0.683333333333,0.74536019536,0.704008954009,0.0413512413512,57,55,False,False
P14|GA_before|seed=12,P14,GA_before,12,P14-T011,0.821733821734,0.683333333333,0.752533577534,0.7064000814,0.0461334961335,55,53,False,False
P14|GA_before|seed=13,P14,GA_before,13,P14-T003,0.832722832723,0.7,0.766361416361,0.72212047212,0.0442409442409,46.5,43.5,False,False
P14|GA_before|seed=14,P14,GA_before,14,P14-T007,0.832722832723,0.7,0.766361416361,0.72212047212,0.0442409442409,46.5,43.5,False,False
P14|GA_before|seed=15,P14,GA_before,15,P14-T004,0.832722832723,0.7,0.766361416361,0.72212047212,0.0442409442409,46.5,43.5,False,False
P14|GA_before|seed=16,P14,GA_before,16,P14-T007,0.832722832723,0.7,0.766361416361,0.72212047212,0.0442409442409,46.5,43.5,False,False
P14|GA_before|seed=17,P14,GA_before,17,P14-T012,0.966727716728,0.683333333333,0.825030525031,0.730565730566,0.0944647944648,30,30,False,False
P14|GA_before|seed=18,P14,GA_before,18,P14-T010,0.807387057387,0.683333333333,0.74536019536,0.704008954009,0.0413512413512,57,55,False,False
P14|GA_before|seed=19,P14,GA_before,19,P14-T013,0.953093203093,0.7,0.826546601547,0.742182200516,0.0843644010311,14,14,False,False
P14|GA_before|seed=20,P14,GA_before,20,P14-T014,0.832417582418,0.683333333333,0.757875457875,0.708180708181,0.0496947496947,54,52,False,False
P14|GA_before|seed=21,P14,GA_before,21,P14-T003,0.832722832723,0.7,0.766361416361,0.72212047212,0.0442409442409,46.5,43.5,False,False
P14|GA_before|seed=22,P14,GA_before,22,P14-T004,0.832722832723,0.7,0.766361416361,0.72212047212,0.0442409442409,46.5,43.5,False,False
P14|GA_before|seed=23,P14,GA_before,23,P14-T013,0.953093203093,0.7,0.826546601547,0.742182200516,0.0843644010311,14,14,False,False
P14|GA_before|seed=24,P14,GA_before,24,P14-T015,0.853785103785,0.7,0.776892551893,0.725630850631,0.0512617012617,39,36,False,False
P14|GA_before|seed=25,P14,GA_before,25,P14-T016,0.953093203093,0.683333333333,0.818213268213,0.728293311627,0.0899199565866,34.5,34.5,False,False
P14|GA_before|seed=26,P14,GA_before,26,P14-T017,0.953093203093,0.683333333333,0.818213268213,0.728293311627,0.0899199565866,34.5,34.5,False,False
P14|GA_before|seed=27,P14,GA_before,27,P14-T009,0.952380952381,0.7,0.82619047619,0.742063492063,0.084126984127,21,21,False,False
P14|GA_before|seed=28,P14,GA_before,28,P14-T018,0.832722832723,0.7,0.766361416361,0.72212047212,0.0442409442409,46.5,43.5,False,False
P14|GA_before|seed=29,P14,GA_before,29,P14-T007,0.832722832723,0.7,0.766361416361,0.72212047212,0.0442409442409,46.5,43.5,False,False
P14|GA_before|seed=30,P14,GA_before,30,P14-T001,0.967032967033,0.7,0.833516483516,0.744505494505,0.089010989011,6,6,True,True
P14|GA_corrected|seed=01,P14,GA_corrected,1,P14-T012,0.966727716728,0.683333333333,0.825030525031,0.730565730566,0.0944647944648,30,30,False,False
P14|GA_corrected|seed=02,P14,GA_corrected,2,P14-T019,0.967032967033,0.683333333333,0.825183150183,0.730616605617,0.0945665445665,26.5,26.5,False,False
P14|GA_corrected|seed=03,P14,GA_corrected,3,P14-T009,0.952380952381,0.7,0.82619047619,0.742063492063,0.084126984127,21,21,False,False
P14|GA_corrected|seed=04,P14,GA_corrected,4,P14-T020,0.966015466015,0.683333333333,0.824674399674,0.730447022114,0.0942273775607,33,33,False,False
P14|GA_corrected|seed=05,P14,GA_corrected,5,P14-T021,0.955942205942,0.65,0.802971102971,0.700990367657,0.101980735314,38,58,False,False
P14|GA_corrected|seed=06,P14,GA_corrected,6,P14-T022,0.966727716728,0.683333333333,0.825030525031,0.730565730566,0.0944647944648,30,30,False,False
P14|GA_corrected|seed=07,P14,GA_corrected,7,P14-T013,0.953093203093,0.7,0.826546601547,0.742182200516,0.0843644010311,14,14,False,False
P14|GA_corrected|seed=08,P14,GA_corrected,8,P14-T019,0.967032967033,0.683333333333,0.825183150183,0.730616605617,0.0945665445665,26.5,26.5,False,False
P14|GA_corrected|seed=09,P14,GA_corrected,9,P14-T001,0.967032967033,0.7,0.833516483516,0.744505494505,0.089010989011,6,6,True,True
P14|GA_corrected|seed=10,P14,GA_corrected,10,P14-T001,0.967032967033,0.7,0.833516483516,0.744505494505,0.089010989011,6,6,True,True
P14|GA_corrected|seed=11,P14,GA_corrected,11,P14-T009,0.952380952381,0.7,0.82619047619,0.742063492063,0.084126984127,21,21,False,False
P14|GA_corrected|seed=12,P14,GA_corrected,12,P14-T010,0.807387057387,0.683333333333,0.74536019536,0.704008954009,0.0413512413512,57,55,False,False
P14|GA_corrected|seed=13,P14,GA_corrected,13,P14-T001,0.967032967033,0.7,0.833516483516,0.744505494505,0.089010989011,6,6,True,True
P14|GA_corrected|seed=14,P14,GA_corrected,14,P14-T009,0.952380952381,0.7,0.82619047619,0.742063492063,0.084126984127,21,21,False,False
P14|GA_corrected|seed=15,P14,GA_corrected,15,P14-T009,0.952380952381,0.7,0.82619047619,0.742063492063,0.084126984127,21,21,False,False
P14|GA_corrected|seed=16,P14,GA_corrected,16,P14-T013,0.953093203093,0.7,0.826546601547,0.742182200516,0.0843644010311,14,14,False,False
P14|GA_corrected|seed=17,P14,GA_corrected,17,P14-T009,0.952380952381,0.7,0.82619047619,0.742063492063,0.084126984127,21,21,False,False
P14|GA_corrected|seed=18,P14,GA_corrected,18,P14-T001,0.967032967033,0.7,0.833516483516,0.744505494505,0.089010989011,6,6,False,False
P14|GA_corrected|seed=19,P14,GA_corrected,19,P14-T009,0.952380952381,0.7,0.82619047619,0.742063492063,0.084126984127,21,21,False,False
P14|GA_corrected|seed=20,P14,GA_corrected,20,P14-T013,0.953093203093,0.7,0.826546601547,0.742182200516,0.0843644010311,14,14,False,False
P14|GA_corrected|seed=21,P14,GA_corrected,21,P14-T009,0.952380952381,0.7,0.82619047619,0.742063492063,0.084126984127,21,21,False,False
P14|GA_corrected|seed=22,P14,GA_corrected,22,P14-T001,0.967032967033,0.7,0.833516483516,0.744505494505,0.089010989011,6,6,False,False
P14|GA_corrected|seed=23,P14,GA_corrected,23,P14-T001,0.967032967033,0.7,0.833516483516,0.744505494505,0.089010989011,6,6,False,False
P14|GA_corrected|seed=24,P14,GA_corrected,24,P14-T001,0.967032967033,0.7,0.833516483516,0.744505494505,0.089010989011,6,6,False,False
P14|GA_corrected|seed=25,P14,GA_corrected,25,P14-T023,0.966727716728,0.683333333333,0.825030525031,0.730565730566,0.0944647944648,30,30,False,False
P14|GA_corrected|seed=26,P14,GA_corrected,26,P14-T024,0.966727716728,0.683333333333,0.825030525031,0.730565730566,0.0944647944648,30,30,False,False
P14|GA_corrected|seed=27,P14,GA_corrected,27,P14-T001,0.967032967033,0.7,0.833516483516,0.744505494505,0.089010989011,6,6,False,False
P14|GA_corrected|seed=28,P14,GA_corrected,28,P14-T001,0.967032967033,0.7,0.833516483516,0.744505494505,0.089010989011,6,6,False,False
P14|GA_corrected|seed=29,P14,GA_corrected,29,P14-T025,0.957468457468,0.65,0.803734228734,0.701244742911,0.102489485823,37,57,False,False
P14|GA_corrected|seed=30,P14,GA_corrected,30,P14-T026,0.95522995523,0.666666666667,0.810948310948,0.714760548094,0.0961877628544,36,50,False,False
P15|GA_before|seed=01,P15,GA_before,1,P15-T001,0.345787545788,0.66,0.502893772894,0.398156288156,0.104737484737,38,41,False,False
P15|GA_before|seed=02,P15,GA_before,2,P15-T002,0.330549450549,0.64,0.485274725275,0.382124542125,0.10315018315,40,44,False,False
P15|GA_before|seed=03,P15,GA_before,3,P15-T003,0.364908424908,0.58,0.472454212454,0.400757020757,0.0716971916972,43,34,False,False
P15|GA_before|seed=04,P15,GA_before,4,P15-T004,0.312527472527,0.59,0.451263736264,0.358772893773,0.0924908424908,50,52,False,False
P15|GA_before|seed=05,P15,GA_before,5,P15-T005,0.33326007326,0.54,0.43663003663,0.367716727717,0.0689133089133,55,47,False,False
P15|GA_before|seed=06,P15,GA_before,6,P15-T006,0.288937728938,0.58,0.434468864469,0.337448107448,0.0970207570208,56,59,False,False
P15|GA_before|seed=07,P15,GA_before,7,P15-T007,0.348864468864,0.66,0.504432234432,0.40072039072,0.103711843712,32,35,False,False
P15|GA_before|seed=08,P15,GA_before,8,P15-T008,0.341318681319,0.62,0.480659340659,0.387765567766,0.0928937728938,41.5,42.5,False,False
P15|GA_before|seed=09,P15,GA_before,9,P15-T009,0.297142857143,0.62,0.458571428571,0.350952380952,0.107619047619,47,56,False,False
P15|GA_before|seed=10,P15,GA_before,10,P15-T010,0.348351648352,0.66,0.504175824176,0.400293040293,0.103882783883,34,36,False,False
P15|GA_before|seed=11,P15,GA_before,11,P15-T011,0.334285714286,0.55,0.442142857143,0.370238095238,0.0719047619048,53,46,False,False
P15|GA_before|seed=12,P15,GA_before,12,P15-T012,0.356556776557,0.65,0.503278388278,0.405463980464,0.0978144078144,36.5,32.5,False,False
P15|GA_before|seed=13,P15,GA_before,13,P15-T013,0.347326007326,0.66,0.503663003663,0.399438339438,0.104224664225,35,39,False,False
P15|GA_before|seed=14,P15,GA_before,14,P15-T014,0.299706959707,0.59,0.444853479853,0.348089133089,0.0967643467643,51,57,False,False
P15|GA_before|seed=15,P15,GA_before,15,P15-T015,0.299706959707,0.61,0.454853479853,0.351422466422,0.103431013431,48,55,False,False
P15|GA_before|seed=16,P15,GA_before,16,P15-T016,0.335824175824,0.55,0.442912087912,0.37152014652,0.0713919413919,52,45,False,False
P15|GA_before|seed=17,P15,GA_before,17,P15-T017,0.344249084249,0.68,0.512124542125,0.400207570208,0.111916971917,25,37,False,False
P15|GA_before|seed=18,P15,GA_before,18,P15-T018,0.341318681319,0.62,0.480659340659,0.387765567766,0.0928937728938,41.5,42.5,False,False
P15|GA_before|seed=19,P15,GA_before,19,P15-T012,0.356556776557,0.65,0.503278388278,0.405463980464,0.0978144078144,36.5,32.5,False,False
P15|GA_before|seed=20,P15,GA_before,20,P15-T019,0.33326007326,0.53,0.43163003663,0.36605006105,0.06557997558,57,48,False,False
P15|GA_before|seed=21,P15,GA_before,21,P15-T020,0.32380952381,0.53,0.426904761905,0.358174603175,0.0687301587302,59,53,False,False
P15|GA_before|seed=22,P15,GA_before,22,P15-T021,0.307912087912,0.57,0.438956043956,0.351593406593,0.0873626373626,54,54,False,False
P15|GA_before|seed=23,P15,GA_before,23,P15-T022,0.354505494505,0.62,0.487252747253,0.398754578755,0.0884981684982,39,40,False,False
P15|GA_before|seed=24,P15,GA_before,24,P15-T023,0.308424908425,0.63,0.469212454212,0.362020757021,0.107191697192,45.5,50.5,False,False
P15|GA_before|seed=25,P15,GA_before,25,P15-T024,0.30021978022,0.56,0.43010989011,0.343516483516,0.0865934065934,58,58,False,False
P15|GA_before|seed=26,P15,GA_before,26,P15-T023,0.308424908425,0.63,0.469212454212,0.362020757021,0.107191697192,45.5,50.5,False,False
P15|GA_before|seed=27,P15,GA_before,27,P15-T025,0.317655677656,0.59,0.453827838828,0.363046398046,0.0907814407814,49,49,False,False
P15|GA_before|seed=28,P15,GA_before,28,P15-T026,0.363882783883,0.58,0.471941391941,0.399902319902,0.0720390720391,44,38,False,False
P15|GA_before|seed=29,P15,GA_before,29,P15-T027,0.369377289377,0.65,0.509688644689,0.416147741148,0.0935409035409,27,31,False,False
P15|GA_before|seed=30,P15,GA_before,30,P15-T028,0.289963369963,0.56,0.424981684982,0.334969474969,0.0900122100122,60,60,False,False
P15|GA_corrected|seed=01,P15,GA_corrected,1,P15-T029,0.436043956044,0.68,0.558021978022,0.476703296703,0.0813186813187,1.5,2.5,True,True
P15|GA_corrected|seed=02,P15,GA_corrected,2,P15-T030,0.451282051282,0.59,0.520641025641,0.474401709402,0.0462393162393,13.5,9.5,False,False
P15|GA_corrected|seed=03,P15,GA_corrected,3,P15-T031,0.458461538462,0.56,0.509230769231,0.475384615385,0.0338461538462,29,4,False,True
P15|GA_corrected|seed=04,P15,GA_corrected,4,P15-T032,0.454358974359,0.57,0.512179487179,0.473632478632,0.038547008547,24,17,False,False
P15|GA_corrected|seed=05,P15,GA_corrected,5,P15-T033,0.438461538462,0.62,0.529230769231,0.468717948718,0.0605128205128,10,28,False,False
P15|GA_corrected|seed=06,P15,GA_corrected,6,P15-T029,0.436043956044,0.68,0.558021978022,0.476703296703,0.0813186813187,1.5,2.5,True,True
P15|GA_corrected|seed=07,P15,GA_corrected,7,P15-T034,0.454358974359,0.58,0.517179487179,0.475299145299,0.0418803418803,16,5,False,True
P15|GA_corrected|seed=08,P15,GA_corrected,8,P15-T035,0.445641025641,0.6,0.522820512821,0.471367521368,0.051452991453,11,22,False,False
P15|GA_corrected|seed=09,P15,GA_corrected,9,P15-T036,0.435897435897,0.64,0.537948717949,0.469914529915,0.0680341880342,4,23,True,False
P15|GA_corrected|seed=10,P15,GA_corrected,10,P15-T030,0.451282051282,0.59,0.520641025641,0.474401709402,0.0462393162393,13.5,9.5,False,False
P15|GA_corrected|seed=11,P15,GA_corrected,11,P15-T037,0.453333333333,0.58,0.516666666667,0.474444444444,0.0422222222222,17,7,False,False
P15|GA_corrected|seed=12,P15,GA_corrected,12,P15-T038,0.444615384615,0.62,0.532307692308,0.473846153846,0.0584615384615,7.5,13.5,False,False
P15|GA_corrected|seed=13,P15,GA_corrected,13,P15-T039,0.433846153846,0.65,0.541923076923,0.469871794872,0.0720512820513,3,24,True,False
P15|GA_corrected|seed=14,P15,GA_corrected,14,P15-T040,0.450256410256,0.58,0.515128205128,0.47188034188,0.0432478632479,20,20,False,False
P15|GA_corrected|seed=15,P15,GA_corrected,15,P15-T041,0.449743589744,0.57,0.509871794872,0.469786324786,0.0400854700855,26,26,False,False
P15|GA_corrected|seed=16,P15,GA_corrected,16,P15-T042,0.458461538462,0.55,0.504230769231,0.473717948718,0.0305128205128,33,16,False,False
P15|GA_corrected|seed=17,P15,GA_corrected,17,P15-T043,0.451282051282,0.59,0.520641025641,0.474401709402,0.0462393162393,13.5,9.5,False,False
P15|GA_corrected|seed=18,P15,GA_corrected,18,P15-T044,0.448717948718,0.57,0.509358974359,0.468931623932,0.0404273504274,28,27,False,False
P15|GA_corrected|seed=19,P15,GA_corrected,19,P15-T045,0.459487179487,0.57,0.514743589744,0.477905982906,0.0368376068376,22,1,False,True
P15|GA_corrected|seed=20,P15,GA_corrected,20,P15-T046,0.444615384615,0.62,0.532307692308,0.473846153846,0.0584615384615,7.5,13.5,False,False
P15|GA_corrected|seed=21,P15,GA_corrected,21,P15-T046,0.444615384615,0.62,0.532307692308,0.473846153846,0.0584615384615,7.5,13.5,False,False
P15|GA_corrected|seed=22,P15,GA_corrected,22,P15-T047,0.449743589744,0.56,0.504871794872,0.46811965812,0.0367521367521,31,30,False,False
P15|GA_corrected|seed=23,P15,GA_corrected,23,P15-T043,0.451282051282,0.59,0.520641025641,0.474401709402,0.0462393162393,13.5,9.5,False,False
P15|GA_corrected|seed=24,P15,GA_corrected,24,P15-T048,0.455384615385,0.57,0.512692307692,0.474487179487,0.0382051282051,23,6,False,False
P15|GA_corrected|seed=25,P15,GA_corrected,25,P15-T049,0.451282051282,0.58,0.515641025641,0.472735042735,0.042905982906,18.5,18.5,False,False
P15|GA_corrected|seed=26,P15,GA_corrected,26,P15-T038,0.444615384615,0.62,0.532307692308,0.473846153846,0.0584615384615,7.5,13.5,False,False
P15|GA_corrected|seed=27,P15,GA_corrected,27,P15-T050,0.451794871795,0.56,0.505897435897,0.469829059829,0.0360683760684,30,25,False,False
P15|GA_corrected|seed=28,P15,GA_corrected,28,P15-T051,0.434358974359,0.64,0.537179487179,0.468632478632,0.068547008547,5,29,True,False
P15|GA_corrected|seed=29,P15,GA_corrected,29,P15-T049,0.451282051282,0.58,0.515641025641,0.472735042735,0.042905982906,18.5,18.5,False,False
P15|GA_corrected|seed=30,P15,GA_corrected,30,P15-T052,0.449743589744,0.58,0.514871794872,0.471452991453,0.0434188034188,21,21,False,False
P16|GA_before|seed=01,P16,GA_before,1,P16-T001,0.402195853792,0.633333333333,0.517764593562,0.440718767049,0.0770458265139,36,51,False,False
P16|GA_before|seed=02,P16,GA_before,2,P16-T002,0.420212765957,0.655555555556,0.537884160757,0.459436564224,0.0784475965327,8,32,False,False
P16|GA_before|seed=03,P16,GA_before,3,P16-T003,0.419121658483,0.577777777778,0.498449718131,0.445564345032,0.0528853730981,53.5,45.5,False,False
P16|GA_before|seed=04,P16,GA_before,4,P16-T004,0.420212765957,0.591666666667,0.505939716312,0.448788416076,0.0571513002364,52,40,False,False
P16|GA_before|seed=05,P16,GA_before,5,P16-T005,0.419121658483,0.577777777778,0.498449718131,0.445564345032,0.0528853730981,53.5,45.5,False,False
P16|GA_before|seed=06,P16,GA_before,6,P16-T006,0.385079105292,0.605555555556,0.495317330424,0.421825180336,0.0734921500879,56,56,False,False
P16|GA_before|seed=07,P16,GA_before,7,P16-T007,0.417484997272,0.605555555556,0.511520276414,0.448830090319,0.0626901860944,44,39,False,False
P16|GA_before|seed=08,P16,GA_before,8,P16-T008,0.378477905074,0.608333333333,0.493405619203,0.416787143117,0.0766184760866,58,58,False,False
P16|GA_before|seed=09,P16,GA_before,9,P16-T009,0.420212765957,0.655555555556,0.537884160757,0.459436564224,0.0784475965327,8,32,False,False
P16|GA_before|seed=10,P16,GA_before,10,P16-T010,0.415848336061,0.608333333333,0.512090834697,0.44792916894,0.0641616657574,43,42,False,False
P16|GA_before|seed=11,P16,GA_before,11,P16-T011,0.416393889798,0.6,0.508196944899,0.446994908165,0.061202036734,50,44,False,False
P16|GA_before|seed=12,P16,GA_before,12,P16-T012,0.373895253682,0.594444444444,0.484169849063,0.410653452143,0.0735163969207,59,60,False,False
P16|GA_before|seed=13,P16,GA_before,13,P16-T013,0.380496453901,0.583333333333,0.481914893617,0.414302600473,0.0676122931442,60,59,False,False
P16|GA_before|seed=14,P16,GA_before,14,P16-T014,0.393957992362,0.622222222222,0.508090107292,0.432002030672,0.07608807662,51,55,False,False
P16|GA_before|seed=15,P16,GA_before,15,P16-T001,0.402195853792,0.633333333333,0.517764593562,0.440718767049,0.0770458265139,36,51,False,False
P16|GA_before|seed=16,P16,GA_before,16,P16-T015,0.402195853792,0.625,0.513597926896,0.43932987816,0.0742680487361,41,54,False,False
P16|GA_before|seed=17,P16,GA_before,17,P16-T016,0.419121658483,0.569444444444,0.494283051464,0.444175456144,0.0501075953204,57,49,False,False
P16|GA_before|seed=18,P16,GA_before,18,P16-T017,0.417484997272,0.6,0.508742498636,0.447904164394,0.0608383342426,47,43,False,False
P16|GA_before|seed=19,P16,GA_before,19,P16-T018,0.417484997272,0.608333333333,0.512909165303,0.449293053282,0.0636161120204,42,37,False,False
P16|GA_before|seed=20,P16,GA_before,20,P16-T019,0.419121658483,0.647222222222,0.533171940353,0.457138419107,0.0760335212463,15,34,False,False
P16|GA_before|seed=21,P16,GA_before,21,P16-T020,0.41966721222,0.602777777778,0.511222494999,0.450185639813,0.0610368551858,45,35,False,False
P16|GA_before|seed=22,P16,GA_before,22,P16-T021,0.379023458811,0.616666666667,0.497845062739,0.41863066012,0.0792144026187,55,57,False,False
P16|GA_before|seed=23,P16,GA_before,23,P16-T022,0.402550463721,0.630555555556,0.516553009638,0.44055131236,0.0760016972783,38,53,False,False
P16|GA_before|seed=24,P16,GA_before,24,P16-T023,0.403096017458,0.652777777778,0.527936897618,0.444709644178,0.08322725344,21,48,False,False
P16|GA_before|seed=25,P16,GA_before,25,P16-T001,0.402195853792,0.633333333333,0.517764593562,0.440718767049,0.0770458265139,36,51,False,False
P16|GA_before|seed=26,P16,GA_before,26,P16-T024,0.41966721222,0.597222222222,0.508444717221,0.449259713887,0.0591850033339,49,38,False,False
P16|GA_before|seed=27,P16,GA_before,27,P16-T025,0.417484997272,0.611111111111,0.514298054192,0.449756016245,0.0645420379463,39,36,False,False
P16|GA_before|seed=28,P16,GA_before,28,P16-T002,0.420212765957,0.655555555556,0.537884160757,0.459436564224,0.0784475965327,8,32,False,False
P16|GA_before|seed=29,P16,GA_before,29,P16-T026,0.417484997272,0.602777777778,0.510131387525,0.448367127356,0.0617642601685,46,41,False,False
P16|GA_before|seed=30,P16,GA_before,30,P16-T027,0.403641571195,0.652777777778,0.528209674486,0.445164272292,0.0830454021943,20,47,False,False
P16|GA_corrected|seed=01,P16,GA_corrected,1,P16-T028,0.451172940535,0.625,0.538086470267,0.480144117112,0.0579423531551,6,6,False,False
P16|GA_corrected|seed=02,P16,GA_corrected,2,P16-T029,0.451718494272,0.608333333333,0.530025913803,0.477820967449,0.0522049463539,18,13,False,False
P16|GA_corrected|seed=03,P16,GA_corrected,3,P16-T030,0.452264048009,0.619444444444,0.535854246227,0.480127447415,0.0557267988119,11.5,8.5,False,False
P16|GA_corrected|seed=04,P16,GA_corrected,4,P16-T031,0.451172940535,0.627777777778,0.539475359156,0.480607080075,0.058868279081,1.5,1.5,True,True
P16|GA_corrected|seed=05,P16,GA_corrected,5,P16-T032,0.451172940535,0.597222222222,0.524197581378,0.475514487483,0.0486830938959,29,22,False,False
P16|GA_corrected|seed=06,P16,GA_corrected,6,P16-T033,0.453355155483,0.575,0.514177577741,0.473629296236,0.0405482815057,40,29,False,False
P16|GA_corrected|seed=07,P16,GA_corrected,7,P16-T034,0.453355155483,0.563888888889,0.508622022186,0.471777444384,0.036844577802,48,30,False,False
P16|GA_corrected|seed=08,P16,GA_corrected,8,P16-T035,0.446044735406,0.616666666667,0.531355701037,0.47448172395,0.0568739770867,17,27,False,False
P16|GA_corrected|seed=09,P16,GA_corrected,9,P16-T036,0.447681396618,0.605555555556,0.526618476087,0.473993756441,0.052624719646,25,28,False,False
P16|GA_corrected|seed=10,P16,GA_corrected,10,P16-T037,0.452264048009,0.594444444444,0.523354246227,0.475960780748,0.0473934654786,31.5,20.5,False,False
P16|GA_corrected|seed=11,P16,GA_corrected,11,P16-T038,0.451172940535,0.6,0.525586470267,0.475977450446,0.0496090198218,27,18,False,False
P16|GA_corrected|seed=12,P16,GA_corrected,12,P16-T039,0.451718494272,0.597222222222,0.524470358247,0.475969115597,0.0485012426502,28,19,False,False
P16|GA_corrected|seed=13,P16,GA_corrected,13,P16-T040,0.451718494272,0.588888888889,0.52030369158,0.474580226708,0.0457234648724,33,25,False,False
P16|GA_corrected|seed=14,P16,GA_corrected,14,P16-T041,0.445499181669,0.619444444444,0.532471813057,0.474490058799,0.0579817542584,16,26,False,False
P16|GA_corrected|seed=15,P16,GA_corrected,15,P16-T031,0.451172940535,0.627777777778,0.539475359156,0.480607080075,0.058868279081,1.5,1.5,True,True
P16|GA_corrected|seed=16,P16,GA_corrected,16,P16-T042,0.452264048009,0.594444444444,0.523354246227,0.475960780748,0.0473934654786,31.5,20.5,False,False
P16|GA_corrected|seed=17,P16,GA_corrected,17,P16-T043,0.452264048009,0.619444444444,0.535854246227,0.480127447415,0.0557267988119,11.5,8.5,False,False
P16|GA_corrected|seed=18,P16,GA_corrected,18,P16-T044,0.452809601746,0.602777777778,0.527793689762,0.477804297751,0.0499893920107,22,15,False,False
P16|GA_corrected|seed=19,P16,GA_corrected,19,P16-T045,0.451718494272,0.625,0.538359247136,0.480598745226,0.0577605019094,4,4,True,True
P16|GA_corrected|seed=20,P16,GA_corrected,20,P16-T046,0.452264048009,0.605555555556,0.528909801782,0.4778126326,0.0510971691823,19,14,False,False
P16|GA_corrected|seed=21,P16,GA_corrected,21,P16-T047,0.453355155483,0.6,0.526677577741,0.477795962902,0.0488816148391,24,16,False,False
P16|GA_corrected|seed=22,P16,GA_corrected,22,P16-T048,0.450627386798,0.597222222222,0.52392480451,0.475059859368,0.0488649451415,30,23,False,False
P16|GA_corrected|seed=23,P16,GA_corrected,23,P16-T045,0.451718494272,0.625,0.538359247136,0.480598745226,0.0577605019094,4,4,True,True
P16|GA_corrected|seed=24,P16,GA_corrected,24,P16-T045,0.451718494272,0.625,0.538359247136,0.480598745226,0.0577605019094,4,4,True,True
P16|GA_corrected|seed=25,P16,GA_corrected,25,P16-T049,0.451172940535,0.616666666667,0.533919803601,0.478755228223,0.0551645753773,14,11,False,False
P16|GA_corrected|seed=26,P16,GA_corrected,26,P16-T050,0.45390070922,0.6,0.52695035461,0.478250591017,0.0486997635934,23,12,False,False
P16|GA_corrected|seed=27,P16,GA_corrected,27,P16-T051,0.452264048009,0.6,0.526132024004,0.476886706674,0.0492453173304,26,17,False,False
P16|GA_corrected|seed=28,P16,GA_corrected,28,P16-T052,0.452809601746,0.586111111111,0.519460356428,0.475026519973,0.0444338364551,34,24,False,False
P16|GA_corrected|seed=29,P16,GA_corrected,29,P16-T053,0.452264048009,0.619444444444,0.535854246227,0.480127447415,0.0557267988119,11.5,8.5,False,False
P16|GA_corrected|seed=30,P16,GA_corrected,30,P16-T043,0.452264048009,0.619444444444,0.535854246227,0.480127447415,0.0557267988119,11.5,8.5,False,False
